title,performer,last_charted,peak_pos,weeks_on_chart
9 To 5,Dolly Parton,2026,1,27
All I Want For Christmas Is You,Mariah Carey,2026,1,79
Aperture,Harry Styles,2026,1,1
Beat It,Michael Jackson,2026,1,26
Billie Jean,Michael Jackson,2026,1,26
Choosin' Texas,Ella Langley,2026,1,16
Dirty Diana,Michael Jackson,2026,1,15
Don't Stop 'Til You Get Enough,Michael Jackson,2026,1,22
Drop Dead,Olivia Rodrigo,2026,1,1
DTMF,Bad Bunny,2026,1,22
Golden,"HUNTR/X: EJAE, Audrey Nuna & REI AMI",2026,1,27
Hate That I Made You Love Me,Ariana Grande,2026,1,1
I Just Might,Bruno Mars,2026,1,1
"I Knew It, I Knew You",Taylor Swift,2026,1,1
Islands In The Stream,Kenny Rogers Duet With Dolly Parton,2026,1,26
Janice STFU,Drake,2026,1,1
Manchild,Sabrina Carpenter,2026,1,26
Opalite,Taylor Swift,2026,1,20
Ordinary,Alex Warren,2026,1,46
Rock With You,Michael Jackson,2026,1,25
Rockin' Around The Christmas Tree,Brenda Lee,2026,1,71
Swim,BTS,2026,1,1
The Fate Of Ophelia,Taylor Swift,2026,1,12
What I Want,Morgan Wallen Featuring Tate McRae,2026,1,28
Baile Inolvidable,Bad Bunny,2026,2,22
Be Her,Ella Langley,2026,2,12
Been By Now,Morgan Wallen,2026,2,1
Boston,Stella Lefty,2026,2,20
Daisies,Justin Bieber,2026,2,24
Jingle Bell Rock,Bobby Helms,2026,2,68
Last Christmas,Wham!,2026,2,53
Man I Need,Olivia Dean,2026,2,22
Party In The U.S.A.,Miley Cyrus,2026,2,30
Purple Rain,Prince And The Revolution,2026,2,19
Ran To Atlanta,Drake Feauring Future & Molly Santana,2026,2,1
Ran To Atlanta,Drake Featuring Future & Molly Santana,2026,2,2
"Take Me Home, Country Roads",John Denver With Fat City,2026,2,24
Trap Queen,Fetty Wap,2026,2,53
What Did I Miss?,Drake,2026,2,13
Elizabeth Taylor,Taylor Swift,2026,3,12
Here You Come Again,Dolly Parton,2026,3,20
Running Up That Hill (A Deal With God),Kate Bush,2026,3,41
Soda Pop,"Saja Boys: Andrew Choi, Neckwav, Danny Chung, Kevin Woo & samUIL Lee",2026,3,23
Stupid Song,Olivia Rodrigo,2026,3,1
Tears,Sabrina Carpenter,2026,3,17
Tit For Tat,Tate McRae,2026,3,13
Whisper My Name,Drake,2026,3,1
A Holly Jolly Christmas,Burl Ives,2026,4,51
American Girls,Harry Styles,2026,4,1
Father Figure,Taylor Swift,2026,4,12
I Can't Love You Anymore,Ella Langley & Morgan Wallen,2026,4,11
Petal,Ariana Grande,2026,4,1
Risk It All,Bruno Mars,2026,4,1
Shabang,Drake,2026,4,1
Your Idol,"Saja Boys: Andrew Choi, Neckwav, Danny Chung, Kevin Woo & samUIL Lee",2026,4,24
Baby,Justin Bieber Featuring Ludacris,2026,5,21
Beauty And A Beat,Justin Bieber Featuring Nicki Minaj,2026,5,25
Dakiti,Bad Bunny & Jhay Cortez,2026,5,29
Dracula,Tame Impala & JENNIE,2026,5,41
It's The Most Wonderful Time Of The Year,Andy Williams,2026,5,52
Love Me Not,Ravyn Lenae,2026,5,35
Monaco,Bad Bunny,2026,5,21
Nuevayol,Bad Bunny,2026,5,22
Santa Tell Me,Ariana Grande,2026,5,36
So Easy (To Fall In Love),Olivia Dean,2026,5,33
The Cure,Olivia Rodrigo,2026,5,1
Titi Me Pregunto,Bad Bunny,2026,5,31
End Of Beginning,Djo,2026,6,23
Feliz Navidad,Jose Feliciano,2026,6,43
Folded,Kehlani,2026,6,29
Mutt,Leon Thomas,2026,6,47
National Treasures,Drake,2026,6,1
Stateside,PinkPantheress With Zara Larsson,2026,6,10
The Christmas Song (Merry Christmas To You),"Nat ""King"" Cole",2026,6,56
The Great Divide,Noah Kahan,2026,6,1
Wi$h Li$t,Taylor Swift,2026,6,11
Back To Friends,sombr,2026,7,40
Human Nature,Michael Jackson,2026,7,15
I Got Better,Morgan Wallen,2026,7,29
Let It Snow! Let It Snow! Let It Snow!,Dean Martin,2026,7,42
Make Them Cry,Drake,2026,7,1
Underneath The Tree,Kelly Clarkson,2026,7,39
Dust,Drake,2026,8,1
How It's Done,"HUNTR/X: EJAE, Audrey Nuna & REI AMI",2026,8,23
I Ain't Coming Back,Morgan Wallen Featuring Post Malone,2026,8,28
Sleigh Ride,The Ronettes,2026,8,39
Sweet Home Alabama,Lynyrd Skynyrd,2026,8,18
The Life Of A Showgirl,Taylor Swift Featuring Sabrina Carpenter,2026,8,10
Wonderwall,Oasis,2026,8,21
2 Hard 4 The Radio,Drake,2026,9,1
Born In The U.S.A.,Bruce Springsteen,2026,9,18
Don't Stop Believin',Journey,2026,9,17
Doors,Noah Kahan,2026,9,1
Honeybee,Olivia Rodrigo,2026,9,1
BbY WOW,Karol G With Judeline & rusowsky,2026,10,5
Make Them Pay,Drake,2026,10,1
Run Rudolph Run,Chuck Berry,2026,10,31
"Courtesy Of The Red, White And Blue (The Angry American)",Toby Keith,2026,11,22
EOO,Bad Bunny,2026,11,32
Mistletoe,Justin Bieber,2026,11,18
Plot Twist,Drake,2026,11,1
Sleepless In A Hotel Room,Luke Combs,2026,11,11
Where Is My Husband!,RAYE,2026,11,27
B's On The Table,Drake Featuring 21 Savage,2026,12,1
Be By You,Luke Combs,2026,12,2
FDO,Pooh Shiesty,2026,12,3
It's Beginning To Look A Lot Like Christmas,Perry Como And The Fontane Sisters With Mitchell Ayres And His Orchestra,2026,12,32
It's Beginning To Look A Lot Like Christmas,Michael Buble,2026,12,31
Maggots For Brains,Olivia Rodrigo,2026,12,1
Travelin' Soldier,Cody Johnson,2026,12,7
What You Saying,Lil Uzi Vert,2026,12,3
White Christmas (1947),Bing Crosby With Ken Darby Singers & John Scott Trotter & His Orchestra,2026,12,44
Yukon,Justin Bieber,2026,12,41
Burning Bridges,Drake,2026,13,1
Midnight Sun,Zara Larsson,2026,13,34
Plastic Cigarette,Zach Bryan,2026,13,1
Body,Don Toliver,2026,14,1
Christmas (Baby Please Come Home),Darlene Love,2026,14,32
End Of August,Noah Kahan,2026,14,1
Fortunate Son,Creedence Clearwater Revival,2026,14,5
Voy A Llevarte Pa PR,Bad Bunny,2026,14,18
20 Cigarettes,Morgan Wallen,2026,15,32
E85,Don Toliver,2026,15,4
Homewrecker,sombr,2026,15,21
My Way,Olivia Rodrigo,2026,15,1
"Ready, Steady, Go!",Harry Styles,2026,15,1
American Cars,Noah Kahan,2026,16,1
Babydoll,Dominic Fike,2026,16,7
Begged,Olivia Rodrigo,2026,16,1
Deck The Halls,Nat King Cole,2026,16,22
Don't We,Morgan Wallen,2026,16,23
Eternity,Alex Warren,2026,16,17
It Depends,Chris Brown Featuring Bryson Tiller,2026,16,22
Jingle Bells,Frank Sinatra With The Orchestra & Chorus Of Gordon Jenkins,2026,16,23
Jolene,Dolly Parton,2026,16,9
Rudolph The Red-Nosed Reindeer,Gene Autry & The Pinafores,2026,16,33
Two Six,J. Cole,2026,16,1
wgft,Gunna Featuring Burna Boy,2026,16,24
Dai Dai (FIFA World Cup Official Song 2026),Shakira X Burna Boy,2026,17,6
Iloveitiloveitiloveit,Bella Kay,2026,17,7
Spend Dat,Yung Miami,2026,17,7
Taste Back,Harry Styles,2026,17,1
What's Wrong With Me,Olivia Rodrigo & Robert Smith,2026,17,1
When Did You Get Hot?,Sabrina Carpenter,2026,17,16
Blue Christmas,Elvis Presley,2026,18,21
Coming Up Roses,Harry Styles,2026,18,1
Dead Fresh,Lil Baby,2026,18,1
Happy Holiday / The Holiday Season,Andy Williams,2026,18,24
Little Birdie,Drake,2026,18,1
Loser,Tame Impala,2026,18,4
Please Come Home For Christmas,Eagles,2026,18,21
Dashboard,Noah Kahan,2026,19,1
Die On This Hill,Sienna Spiro,2026,19,6
Earrings,Malcolm Todd,2026,19,28
Jaded,Koe Wetzel & Ella Langley,2026,19,1
Make Them Remember,Drake,2026,19,1
Oh Yeah?,Steve Lacy,2026,19,3
Santa Baby,Eartha Kitt With Henri Rene And His Orchestra,2026,19,17
u + me = <3,Olivia Rodrigo,2026,19,1
Bottom Of Your Boots,Ella Langley,2026,20,1
Chicken Fried,Zac Brown Band,2026,20,26
Expectations,Olivia Rodrigo,2026,20,1
Porch Light,Noah Kahan,2026,20,1
4X4,Travis Scott,2025,1,1
A Bar Song (Tipsy),Shaboozey,2025,1,37
Die With A Smile,Lady Gaga & Bruno Mars,2025,1,20
Fortnight,Taylor Swift Featuring Post Malone,2025,1,21
Ghostbusters,Ray Parker Jr.,2025,1,26
Humble.,Kendrick Lamar,2025,1,38
I Had Some Help,Post Malone Featuring Morgan Wallen,2025,1,33
Like That,"Future, Metro Boomin & Kendrick Lamar",2025,1,32
Lose Control,Teddy Swims,2025,1,72
Love Somebody,Morgan Wallen,2025,1,10
Luther,Kendrick Lamar & SZA,2025,1,13
Monster Mash,"Bobby ""Boris"" Pickett And The Crypt-Kickers",2025,1,42
Not Like Us,Kendrick Lamar,2025,1,34
Please Please Please,Sabrina Carpenter,2025,1,28
Squabble Up,Kendrick Lamar,2025,1,5
Too Sweet,Hozier,2025,1,40
Beautiful Things,Benson Boone,2025,2,49
Birds Of A Feather,Billie Eilish,2025,2,32
Evil J0rdan,Playboi Carti,2025,2,1
I'm The Problem,Morgan Wallen,2025,2,1
Just In Case,Morgan Wallen,2025,2,9
Million Dollar Baby,Tommy Richman,2025,2,32
Nokia,Drake,2025,2,8
Somebody's Watching Me,Rockwell,2025,2,22
Taste,Sabrina Carpenter,2025,2,18
TV Off,Kendrick Lamar Featuring Lefty Gunplay,2025,2,5
APT.,ROSE & Bruno Mars,2025,3,14
Espresso,Sabrina Carpenter,2025,3,37
Euphoria,Kendrick Lamar,2025,3,17
The Subway,Chappell Roan,2025,3,1
Timeless,The Weeknd & Playboi Carti,2025,3,13
All The Way,BigXthaPlug Featuring Bailey Zimmerman,2025,4,1
"Good Luck, Babe!",Chappell Roan,2025,4,38
Pink Pony Club,Chappell Roan,2025,4,44
Rather Lie,Playboi Carti & The Weeknd,2025,4,1
Smile,Morgan Wallen,2025,4,2
Thriller,Michael Jackson,2025,4,25
Wacced Out Murals,Kendrick Lamar,2025,4,5
Hey Now,Kendrick Lamar Featuring Dody6,2025,5,5
The Giver,Chappell Roan,2025,5,1
Wood,Taylor Swift,2025,5,1
Gimme A Hug,Drake,2025,6,1
That's So True,Gracie Abrams,2025,6,10
Actually Romantic,Taylor Swift,2025,7,1
All The Stars,Kendrick Lamar & SZA,2025,7,22
Lies Lies Lies,Morgan Wallen,2025,7,22
St. Chroma,"Tyler, The Creator Featuring Daniel Caesar",2025,7,9
I Ain't Coming Back,Morgan Wallen & Post Malone,2025,8,1
Superman,Morgan Wallen,2025,8,2
Anxiety,Doechii,2025,9,9
Eldest Daughter,Taylor Swift,2025,9,1
30 For 30,SZA With Kendrick Lamar,2025,10,8
Cancelled!,Taylor Swift,2025,10,1
Outside,Cardi B,2025,10,1
Sticky,"Tyler, The Creator Featuring GloRilla, Sexyy Red & Lil Wayne",2025,10,9
Dodger Blue,"Kendrick Lamar Featuring Wallie the Sensei, Siete7x & Roddy Ricch",2025,11,5
Ruin The Friendship,Taylor Swift,2025,11,1
Cry For Me,The Weeknd,2025,12,1
Good News,Shaboozey,2025,12,39
Guess,Charli xcx Featuring Billie Eilish,2025,12,13
Honey,Taylor Swift,2025,12,1
Nobody's Son,Sabrina Carpenter,2025,12,1
Travelin' Soldier,Cody Johnson & The Rockin' CJB,2025,12,1
Who,Jimin,2025,12,23
Abracadabra,Lady Gaga,2025,13,2
Peekaboo,Kendrick Lamar Featuring AzChike,2025,13,5
Bed Chem,Sabrina Carpenter,2025,14,18
Dancing In The Flames,The Weeknd,2025,14,15
I Am Not Okay,Jelly Roll,2025,14,28
Messy,Lola Young,2025,14,9
Blue Strips,Jessie Murph,2025,15,4
Blue Strips,jessie murph,2025,15,15
My Man On Willpower,Sabrina Carpenter,2025,15,1
What It Sounds Like,"HUNTR/X: EJAE, Audrey Nuna & REI AMI",2025,15,11
25,Rod Wave,2025,16,11
"Dum, Dumb, And Dumber","Lil Baby, Young Thug & Future",2025,16,1
Sports Car,Tate McRae,2025,16,5
Undressed,sombr,2025,16,25
Fat Juicy & Wet,Sexyy Red & Bruno Mars,2025,17,1
Good Credit,Playboi Carti & Kendrick Lamar,2025,17,1
Guy For That,Post Malone Featuring Luke Combs,2025,17,20
I'm A Little Crazy,Morgan Wallen,2025,17,1
Mystical Magical,Benson Boone,2025,17,10
Whatchu Kno About Me,GloRilla & Sexyy Red,2025,17,11
Wildflower,Billie Eilish,2025,17,29
CN Tower,PARTYNEXTDOOR & Drake,2025,18,1
Go Baby,Justin Bieber,2025,18,1
Twilight Zone,Ariana Grande,2025,18,1
Weren't For The Wind,Ella Langley,2025,18,22
"I Love You, I'm Sorry",Gracie Abrams,2025,19,21
Sorry I'm Here For Someone Else,Benson Boone,2025,19,17
Stargazing,Myles Smith,2025,19,33
Crush,Playboi Carti & Travis Scott,2025,20,1
It's Ok I'm Ok,Tate McRae,2025,20,15
Sugar Talking,Sabrina Carpenter,2025,20,1
Worst Way,Riley Green,2025,20,22
Carnival,¥$: Kanye West & Ty Dolla $ign Featuring Rich The Kid & Playboi Carti,2024,1,4
Carnival,¥$: Ye & Ty Dolla $ign Featuring Rich The Kid & Playboi Carti,2024,1,5
Cruel Summer,Taylor Swift,2024,1,34
First Person Shooter,Drake Featuring J. Cole,2024,1,12
Flowers,Miley Cyrus,2024,1,46
Hiss,Megan Thee Stallion,2024,1,1
I Remember Everything,Zach Bryan Featuring Kacey Musgraves,2024,1,18
Is It Over Now? (Taylor's Version) [From The Vault],Taylor Swift,2024,1,9
Kill Bill,SZA,2024,1,51
Last Night,Morgan Wallen,2024,1,48
Lovin On Me,Jack Harlow,2024,1,7
Paint The Town Red,Doja Cat,2024,1,21
Rich Men North Of Richmond,Oliver Anthony Music,2024,1,18
Slime You Out,Drake Featuring SZA,2024,1,13
Texas Hold 'Em,Beyonce,2024,1,2
Vampire,Olivia Rodrigo,2024,1,24
We Can't Be Friends (Wait For Your Love),Ariana Grande,2024,1,1
Yeah!,Usher Featuring Lil Jon & Ludacris,2024,1,46
"Yes, And?",Ariana Grande,2024,1,1
Down Bad,Taylor Swift,2024,2,1
Fast Car,Luke Combs,2024,2,40
Houdini,Eminem,2024,2,1
IDGAF,Drake Featuring Yeat,2024,2,12
Now That We Don't Talk (Taylor's Version) [From The Vault],Taylor Swift,2024,2,7
Snooze,SZA,2024,2,55
Type Shit,"Future, Metro Boomin, Travis Scott & Playboi Carti",2024,2,1
Carnival,¥$: Kanye West & Ty Dolla $ign,2024,3,1
Greedy,Tate McRae,2024,3,16
I Can Do It With A Broken Heart,Taylor Swift,2024,3,1
Virginia Beach,Drake,2024,3,11
Bye Bye Bye,*NSYNC,2024,4,24
Fukumean,Gunna,2024,4,27
The Tortured Poets Department,Taylor Swift,2024,4,1
FE!N,Travis Scott Featuring Playboi Carti,2024,5,10
Lunch,Billie Eilish,2024,5,1
Redrum,21 Savage,2024,5,1
"So Long, London",Taylor Swift,2024,5,1
Standing Next To You,Jung Kook,2024,5,8
7 Minute Drill,J. Cole,2024,6,1
Cinderella,"Future, Metro Boomin & Travis Scott",2024,6,1
Dance The Night,Dua Lipa,2024,6,27
Fast Car,Tracy Chapman,2024,6,22
II Most Wanted,Beyonce & Miley Cyrus,2024,6,1
My Boy Only Breaks His Favorite Toys,Taylor Swift,2024,6,1
Pink Skies,Zach Bryan,2024,6,1
Saturn,SZA,2024,6,1
Act II: Date @ 8,4Batz Featuring Drake,2024,7,10
Agora Hills,Doja Cat,2024,7,18
Bad Idea Right?,Olivia Rodrigo,2024,7,18
But Daddy I Love Him,Taylor Swift,2024,7,1
Family Matters,Drake,2024,7,1
Jolene,Beyonce,2024,7,1
"Let It Snow, Let It Snow, Let It Snow!",Dean Martin,2024,7,31
Thinkin' Bout Me,Morgan Wallen,2024,7,43
Water,Tyla,2024,7,14
Florida!!!,Taylor Swift Featuring Florence + The Machine,2024,8,1
Reincarnated,Kendrick Lamar,2024,8,1
Used To Be Young,Miley Cyrus,2024,8,18
We Don't Trust You,Future & Metro Boomin,2024,8,1
Enough (Miami),Cardi B,2024,9,1
Man At The Garden,Kendrick Lamar,2024,9,1
Stick Season,Noah Kahan,2024,9,29
Who's Afraid Of Little Old Me?,Taylor Swift,2024,9,1
Young Metro,"Future, Metro Boomin & The Weeknd",2024,9,1
Guilty As Sin?,Taylor Swift,2024,10,1
Nee-nah,"21 Savage, Travis Scott & Metro Boomin",2024,10,1
Noid,"Tyler, The Creator",2024,10,2
Fresh Out The Slammer,Taylor Swift,2024,11,1
Get Him Back!,Olivia Rodrigo,2024,11,16
Houdini,Dua Lipa,2024,11,7
I Know ?,Travis Scott,2024,11,21
Rich Baby Daddy,Drake Featuring Sexyy Red & SZA,2024,11,12
Wanna Be,GloRilla & Megan Thee Stallion,2024,11,1
You Broke My Heart,Drake,2024,11,6
Chihiro,Billie Eilish,2024,12,1
Cowgirls,Morgan Wallen Featuring ERNEST,2024,12,29
I Like The Way You Kiss Me,Artemas,2024,12,4
loml,Taylor Swift,2024,12,1
Meet The Grahams,Kendrick Lamar,2024,12,1
Pour Me A Drink,Post Malone Featuring Blake Shelton,2024,12,1
White Christmas,Bing Crosby With Ken Darby Singers & John Scott Trotter & His Orchestra,2024,12,35
White Horse,Chris Stapleton,2024,12,23
Ain't No Love In Oklahoma,Luke Combs,2024,13,10
Ice Attack,Future & Metro Boomin,2024,13,1
Need A Favor,Jelly Roll,2024,13,38
The Alchemy,Taylor Swift,2024,13,1
28,Zach Bryan,2024,14,1
Heart Pt. 6,Kendrick Lamar,2024,14,1
Hey Driver,Zach Bryan Featuring The War And Treaty,2024,14,18
Lil Boo Thang,Paul Russell,2024,14,16
Obsessed,Olivia Rodrigo,2024,14,1
The Smallest Man Who Ever Lived,Taylor Swift,2024,14,1
What Was I Made For?,Billie Eilish,2024,14,24
All Red,Playboi Carti,2024,15,1
"Darling, I","Tyler, The Creator Featuring Teezo Touchdown",2024,15,1
FTCU,Nicki Minaj,2024,15,5
Good Graces,Sabrina Carpenter,2024,15,1
Hot To Go!,Chappell Roan,2024,15,17
Man Made A Bar,Morgan Wallen Featuring Eric Church,2024,15,14
Miles On It,Marshmello & Kane Brown,2024,15,19
Never Lose Me,Flo Milli,2024,15,14
Facts,Tom MacDonald X Ben Shapiro,2024,16,1
Levii's Jeans,Beyonce & Post Malone,2024,16,1
Rah Tah Tah,"Tyler, The Creator",2024,16,1
The Boy Is Mine,Ariana Grande,2024,16,1
Push Ups,Drake,2024,17,2
Supernatural,Ariana Grande,2024,17,1
All Of Me,21 Savage,2024,18,1
Austin,Dasha,2024,18,23
BAND4BAND,Central Cee & Lil Baby,2024,18,2
Skinny,Billie Eilish,2024,18,1
Crocodile Tearz,J. Cole,2024,19,1
Habits,Eminem & White Gold,2024,19,1
My Eyes,Travis Scott,2024,19,5
N.H.I.E.,21 Savage & Doja Cat,2024,19,1
Pretty Little Poison,Warren Zeiders,2024,19,24
Save Me,Jelly Roll With Lainey Wilson,2024,19,26
Selfish,Justin Timberlake,2024,19,1
Whatever She Wants,Bryson Tiller,2024,19,3
Get It Sexyy,Sexyy Red,2024,20,3
I Can Fix Him (No Really I Can),Taylor Swift,2024,20,1
La Diabla,Xavi,2024,20,6
Made For Me,Muni Long,2024,20,7
Perro Negro,Bad Bunny & Feid,2024,20,9
Renaissance,Eminem,2024,20,1
Slimed In,Future & Metro Boomin,2024,20,1
Tourniquet,Zach Bryan,2024,20,9
About Damn Time,Lizzo,2023,1,34
Anti-Hero,Taylor Swift,2023,1,10
As It Was,Harry Styles,2023,1,39
Bad Habit,Steve Lacy,2023,1,26
Blank Space,Taylor Swift,2023,1,37
Diamonds,Rihanna,2023,1,27
Die For You,The Weeknd & Ariana Grande,2023,1,31
Jimmy Cooks,Drake Featuring 21 Savage,2023,1,25
Like Crazy,Jimin,2023,1,1
Seven,Jung Kook Featuring Latto,2023,1,1
Super Freaky Girl,Nicki Minaj,2023,1,20
Try That In A Small Town,Jason Aldean,2023,1,2
Umbrella,Rihanna Featuring Jay-Z,2023,1,34
Unholy,Sam Smith & Kim Petras,2023,1,14
Wait For U,Future Featuring Drake & Tems,2023,1,33
We Found Love,Rihanna Featuring Calvin Harris,2023,1,42
All My Life,Lil Durk Featuring J. Cole,2023,2,1
Karma,Taylor Swift Featuring Ice Spice,2023,2,12
Lavender Haze,Taylor Swift,2023,2,10
Lift Me Up,Rihanna,2023,2,9
Rich Flex,Drake & 21 Savage,2023,2,8
Search & Rescue,Drake,2023,2,1
"Boy's A Liar, Pt. 2",PinkPantheress & Ice Spice,2023,3,3
Calm Down,Rema & Selena Gomez,2023,3,40
Creepin',"Metro Boomin, The Weeknd & 21 Savage",2023,3,9
I Like You (A Happier Song),Post Malone Featuring Doja Cat,2023,3,28
Major Distribution,Drake & 21 Savage,2023,3,7
Meltdown,Travis Scott Featuring Drake,2023,3,1
Slut! (Taylor's Version) [From The Vault],Taylor Swift,2023,3,1
California Breeze,Lil Baby,2023,4,8
Ella Baila Sola,Eslabon Armado X Peso Pluma,2023,4,6
I'm Good (Blue),David Guetta & Bebe Rexha,2023,4,19
On BS,Drake & 21 Savage,2023,4,7
Princess Diana,Ice Spice & Nicki Minaj,2023,4,1
Snow On The Beach,Taylor Swift Featuring Lana Del Rey,2023,4,7
Sunroof,Nicky Youre & dazy,2023,4,28
3D,Jung Kook & Jack Harlow,2023,5,1
Calling For You,Drake Featuring 21 Savage,2023,5,1
Favorite Song,Toosii,2023,5,14
I Can See You (Taylor's Version) (From The Vault),Taylor Swift,2023,5,1
Midnight Rain,Taylor Swift,2023,5,8
Say Don't Go (Taylor's Version) [From The Vault],Taylor Swift,2023,5,1
Spin Bout U,Drake & 21 Savage,2023,5,8
Un x100to,Grupo Frontera X Bad Bunny,2023,5,2
You Proof,Morgan Wallen,2023,5,33
Bejeweled,Taylor Swift,2023,6,8
Cuff It,Beyonce,2023,6,26
Die For You,The Weeknd,2023,6,24
Hold Me Closer,Elton John & Britney Spears,2023,6,18
I Ain't Worried,OneRepublic,2023,6,26
Pussy & Millions,Drake & 21 Savage Featuring Travis Scott,2023,6,6
Bad Blood (Taylor's Version),Taylor Swift,2023,7,1
Barbie World,Nicki Minaj & Ice Spice With Aqua,2023,7,1
Don't Think Jesus,Morgan Wallen,2023,7,6
K-POP,"Travis Scott, Bad Bunny & The Weeknd",2023,7,1
Now And Then,The Beatles,2023,7,1
Thought You Should Know,Morgan Wallen,2023,7,30
TQG,Karol G x Shakira,2023,7,1
Circo Loco,Drake & 21 Savage,2023,8,8
Daylight,Drake,2023,8,1
Forever,Lil Baby Featuring Fridayy,2023,8,6
"Let It Snow, Let It Snow, Let It Snow",Dean Martin,2023,8,25
Margaritaville,Jimmy Buffett,2023,8,23
Superhero (Heroes & Villains),"Metro Boomin, Future & Chris Brown",2023,8,4
The Kind Of Love We Make,Luke Combs,2023,8,24
Where She Goes,Bad Bunny,2023,8,1
"Bzrp Music Sessions, Vol. 53",Bizarrap & Shakira,2023,9,1
Karma,Taylor Swift,2023,9,7
Players,Coi Leray,2023,9,12
Style (Taylor's Version),Taylor Swift,2023,9,1
The Christmas Song (Merry Christmas To You),Nat King Cole,2023,9,38
Tomorrow 2,GloRilla & Cardi B,2023,9,14
Wasted On You,Morgan Wallen,2023,9,57
Fear Of Heights,Drake,2023,10,1
Golden Hour,JVKE,2023,10,22
Just Wanna Rock,Lil Uzi Vert,2023,10,16
Nobody Gets Me,SZA,2023,10,3
One Thing At A Time,Morgan Wallen,2023,10,14
Rock And A Hard Place,Bailey Zimmerman,2023,10,41
Something In The Orange,Zach Bryan,2023,10,38
Suburban Legends (Taylor's Version) [From The Vault],Taylor Swift,2023,10,1
Vegas,Doja Cat,2023,10,27
Ain't That Some,Morgan Wallen,2023,11,1
Flooded The Face,Lil Uzi Vert,2023,11,1
La Bebe,Yng Lvcas x Peso Pluma,2023,11,6
Made You Look,Meghan Trainor,2023,11,15
Shirt,SZA,2023,11,9
Sure Thing,Miguel,2023,11,46
All Of The Girls You Loved Before,Taylor Swift,2023,12,1
Blank Space (Taylor's Version),Taylor Swift,2023,12,1
Blind,SZA,2023,12,3
Gently,Drake Featuring Bad Bunny,2023,12,1
Love You Better,Future,2023,12,8
Under The Influence,Chris Brown,2023,12,18
White Christmas,Bing Crosby,2023,12,30
All-American Bitch,Olivia Rodrigo,2023,13,1
Chemical,Post Malone,2023,13,1
Put It On Da Floor Again,Latto Featuring Cardi B,2023,13,1
Red Ruby Da Sleeze,Nicki Minaj,2023,13,1
Religiously,Bailey Zimmerman,2023,13,21
Thank God,Kane Brown With Katelyn Brown,2023,13,23
Bongos,Cardi B & Megan Thee Stallion,2023,14,1
Everything I Love,Morgan Wallen,2023,14,6
Fina,Bad Bunny & Young Miko,2023,14,1
Hyaena,Travis Scott,2023,14,1
Sarah's Place,Zach Bryan Featuring Noah Kahan,2023,14,1
Welcome To New York (Taylor's Version),Taylor Swift,2023,14,1
Amen,Drake Featuring Teezo Touchdown,2023,15,1
Love You Anyway,Luke Combs,2023,15,1
Mine (Taylor's Version),Taylor Swift,2023,15,1
7969 Santa,Drake,2023,16,1
Back To December (Taylor's Version),Taylor Swift,2023,16,1
Fight The Feeling,Rod Wave,2023,16,1
Out Of The Woods (Taylor's Version),Taylor Swift,2023,16,1
Rudolph The Red-Nosed Reindeer,Gene Autry,2023,16,22
She Had Me At Heads Carolina,Cole Swindell,2023,16,28
Thank God,Travis Scott,2023,16,1
The Grudge,Olivia Rodrigo,2023,16,1
8am In Charlotte,Drake,2023,17,1
Cupid,Fifty Fifty,2023,17,8
Low,SZA,2023,17,3
Spotless,Zach Bryan Featuring The Lumineers,2023,17,1
Topia Twins,Travis Scott Featuring Rob49 & 21 Savage,2023,17,1
Call Your Friends,Rod Wave,2023,18,5
Double Fantasy,The Weeknd Featuring Future,2023,18,1
East Side Of Sorrow,Zach Bryan,2023,18,1
I Wrote The Book,Morgan Wallen,2023,18,6
What Would Pluto Do,Drake,2023,18,1
Come See Me,Rod Wave,2023,19,3
Enchanted (Taylor's Version),Taylor Swift,2023,19,1
Eyes Closed,Ed Sheeran,2023,19,7
Making The Bed,Olivia Rodrigo,2023,19,1
Oh U Went,Young Thug Featuring Drake,2023,19,1
Single Soon,Selena Gomez,2023,19,1
Wildest Dreams (Taylor's Version),Taylor Swift,2023,19,2
All You Had To Do Was Stay (Taylor's Version),Taylor Swift,2023,20,1
Bahamas Promises,Drake,2023,20,1
Endless Fashion,Lil Uzi Vert Featuring Nicki Minaj,2023,20,1
Jingle Bells,Frank Sinatra,2023,20,9
Jingle Bells,Frank Sinatra With Orchestra Conducted By Gordon Jenkins,2023,20,12
Logical,Olivia Rodrigo,2023,20,1
All Too Well (Taylor's Version),Taylor Swift,2022,1,6
Break My Soul,Beyonce,2022,1,7
Easy On Me,Adele,2022,1,11
First Class,Jack Harlow,2022,1,1
Good 4 U,Olivia Rodrigo,2022,1,32
Heat Waves,Glass Animals,2022,1,59
Industry Baby,Lil Nas X & Jack Harlow,2022,1,22
Leave The Door Open,Silk Sonic (Bruno Mars & Anderson .Paak),2022,1,39
Lose Yourself,Eminem,2022,1,24
Montero (Call Me By Your Name),Lil Nas X,2022,1,35
My Universe,Coldplay x BTS,2022,1,13
Save Your Tears,The Weeknd & Ariana Grande,2022,1,53
Stay,The Kid LAROI & Justin Bieber,2022,1,24
Way 2 Sexy,Drake Featuring Future & Young Thug,2022,1,16
We Don't Talk About Bruno,"Carolina Gaitan, Mauro Castillo, Adassa, Rhenzy Feliz, Diane Guerrero, Stephanie Beatriz & Encanto Cast",2022,1,5
Bad Habits,Ed Sheeran,2022,2,26
Do We Have A Problem?,Nicki Minaj X Lil Baby,2022,2,1
Girls Want Girls,Drake Featuring Lil Baby,2022,2,16
Levitating,Dua Lipa,2022,2,61
abcdefu,GAYLE,2022,3,14
Big Energy,Latto,2022,3,23
Fair Trade,Drake Featuring Travis Scott,2022,3,15
Fancy Like,Walker Hayes,2022,3,27
Kiss Me More,Doja Cat Featuring SZA,2022,3,37
Late Night Talking,Harry Styles,2022,3,16
Maroon,Taylor Swift,2022,3,1
N95,Kendrick Lamar,2022,3,1
Super Gremlin,Kodak Black,2022,3,18
Knife Talk,Drake Featuring 21 Savage & Project Pat,2022,4,16
Moscow Mule,Bad Bunny,2022,4,1
Puffin On Zootiez,Future,2022,4,1
Shivers,Ed Sheeran,2022,4,17
Die Hard,"Kendrick Lamar, Blxst & Amanda Reifer",2022,5,1
Enemy,Imagine Dragons X JID,2022,5,19
Ghost,Justin Bieber,2022,5,26
Oh My God,Adele,2022,5,5
Smokin Out The Window,Silk Sonic (Bruno Mars & Anderson .Paak),2022,5,7
Staying Alive,DJ Khaled Featuring Drake & Lil Baby,2022,5,1
Despues de La Playa,Bad Bunny,2022,6,1
Me Porto Bonito,Bad Bunny & Chencho Corleone,2022,6,10
One Right Now,Post Malone & The Weeknd,2022,6,7
Sticky,Drake,2022,6,1
Take My Breath,The Weeknd,2022,6,17
Cold Heart (PNAU Remix),Elton John & Dua Lipa,2022,7,18
Falling Back,Drake,2022,7,1
I Hate U,SZA,2022,7,3
Privileged Rappers,Drake & 21 Savage,2022,7,1
Pushin P,Gunna & Future Featuring Young Thug,2022,7,1
Question...?,Taylor Swift,2022,7,1
Silent Hill,Kendrick Lamar & Kodak Black,2022,7,1
Woman,Doja Cat,2022,7,39
712PM,Future,2022,8,1
Glimpse Of Us,Joji,2022,8,2
Music For A Sushi Restaurant,Harry Styles,2022,8,1
Need To Know,Doja Cat,2022,8,28
Surface Pressure,Jessica Darrow,2022,8,6
Thats What I Want,Lil Nas X,2022,8,27
United In Grief,Kendrick Lamar,2022,8,1
"You're On Your Own, Kid",Taylor Swift,2022,8,1
BackOutsideBoyz,Drake,2022,9,1
Essence,Wizkid Featuring Justin Bieber & Tems,2022,9,25
Matilda,Harry Styles,2022,9,1
Bad Decisions,"benny blanco, BTS & Snoop Dogg",2022,10,1
I'm Dat N***a,Future,2022,10,1
Real Spill,Lil Baby,2022,10,1
Vigilante Shit,Taylor Swift,2022,10,1
Father Time,Kendrick Lamar Featuring Sampha,2022,11,1
Happier Than Ever,Billie Eilish,2022,11,21
Hours In Silence,Drake & 21 Savage,2022,11,1
I'm On One,Future Featuring Drake,2022,11,1
Sacrifice,The Weeknd,2022,11,1
You Right,Doja Cat & The Weeknd,2022,11,26
Broke Boys,Drake & 21 Savage,2022,12,1
Cooped Up,Post Malone Featuring Roddy Ricch,2022,12,4
Beggin',Maneskin,2022,13,25
Daylight,Harry Styles,2022,13,1
Hot Shit,"Cardi B, Ye & Lil Durk",2022,13,1
Mastermind,Taylor Swift,2022,13,1
No Love,Summer Walker & SZA,2022,13,7
Rich Spirit,Kendrick Lamar,2022,13,1
Right On,Lil Baby,2022,13,1
Texts Go Green,Drake,2022,13,1
Yet To Come,BTS,2022,13,1
Broadway Girls,Lil Durk Featuring Morgan Wallen,2022,14,1
In A Minute,Lil Baby,2022,14,1
Labyrinth,Taylor Swift,2022,14,1
Little Freak,Harry Styles,2022,14,1
Massive,Drake,2022,14,1
Party,Bad Bunny & Rauw Alejandro,2022,14,1
Treacherous Twins,Drake & 21 Savage,2022,14,1
Grapejuice,Harry Styles,2022,15,1
If I Didn't Love You,Jason Aldean & Carrie Underwood,2022,15,21
Keep It Burnin,Future Featuring Kanye West,2022,15,1
MAMIII,Becky G X Karol G,2022,15,1
Middle Of The Ocean,Drake,2022,15,1
Pop Out,Lil Baby & Nardo Wick,2022,15,1
Sweet Nothing,Taylor Swift,2022,15,1
Sweetest Pie,Megan Thee Stallion & Dua Lipa,2022,15,1
The Heart Part 5,Kendrick Lamar,2022,15,1
Thousand Miles,The Kid LAROI,2022,15,1
Boyfriend,Dove Cameron,2022,16,16
Hrs And Hrs,Muni Long,2022,16,5
Jumbotron Shit Poppin,Drake,2022,16,1
Too Easy,Gunna & Future,2022,16,11
Un Ratito,Bad Bunny,2022,16,1
We Cry Together,Kendrick Lamar & Taylour Paige,2022,16,1
God Did,"DJ Khaled Featuring Rick Ross, Lil Wayne, JAY-Z, John Legend & Fridayy",2022,17,1
Who Want Smoke??,"Nardo Wick Featuring G Herbo, Lil Durk & 21 Savage",2022,17,11
'Til You Can't,Cody Johnson,2022,18,24
Ahhh Ha,Lil Durk,2022,18,4
Family Ties,Baby Keem & Kendrick Lamar,2022,18,17
More M’s,Drake & 21 Savage,2022,18,1
Nail Tech,Jack Harlow,2022,18,1
Numb Little Bug,Em Beihold,2022,18,23
Tarot,Bad Bunny & Jhay Cortez,2022,18,1
Alien Superstar,Beyonce,2022,19,1
Fingers Crossed,Lauren Spencer-Smith,2022,19,2
I Guess It's Fuck Me,Drake,2022,19,1
Never Hating,Lil Baby & Young Thug,2022,19,1
Worldwide Steppers,Kendrick Lamar,2022,19,1
Already Dead,Juice WRLD,2022,20,5
Bubbly,Young Thug With Drake & Travis Scott,2022,20,10
Bussin,Nicki Minaj X Lil Baby,2022,20,1
Calling My Name,Drake,2022,20,1
Count Me Out,Kendrick Lamar,2022,20,1
Get Into It (Yuh),Doja Cat,2022,20,32
Massaging Me,Future,2022,20,1
Soy El Unico,Yahritza y Su Esencia,2022,20,1
The Family Madrigal,"Stephanie Beatriz, Olga Merediz & Encanto Cast",2022,20,4
"Would've, Could've, Should've",Taylor Swift,2022,20,1
Blinding Lights,The Weeknd,2021,1,56
Butter,BTS,2021,1,1
Drivers License,Olivia Rodrigo,2021,1,1
Dynamite,BTS,2021,1,18
Mood,24kGoldn Featuring iann dior,2021,1,20
Peaches,Justin Bieber Featuring Daniel Caesar & Giveon,2021,1,1
Permission To Dance,BTS,2021,1,1
Positions,Ariana Grande,2021,1,9
Rapstar,Polo G,2021,1,1
Rockstar,DaBaby Featuring Roddy Ricch,2021,1,36
Savage Love (Laxed - Siren Beat),Jawsh 685 x Jason Derulo,2021,1,27
Up,Cardi B,2021,1,6
WAP,Cardi B Featuring Megan Thee Stallion,2021,1,20
Watermelon Sugar,Harry Styles,2021,1,38
What's Next,Drake,2021,1,1
Willow,Taylor Swift,2021,1,2
34+35,Ariana Grande,2021,2,12
34+35,Ariana Grande Feat. Doja Cat & Megan Thee Stallion,2021,2,28
Forever After All,Luke Combs,2021,2,9
Laugh Now Cry Later,Drake Featuring Lil Durk,2021,2,19
Levitating,Dua Lipa Featuring DaBaby,2021,2,32
my.life,"J. Cole, 21 Savage & Morray",2021,2,1
Therefore I Am,Billie Eilish,2021,2,7
Wants And Needs,Drake Featuring Lil Baby,2021,2,1
Whats Poppin,"Jack Harlow Featuring DaBaby, Tory Lanez & Lil Wayne",2021,2,46
Calling My Phone,Lil Tjay Featuring 6LACK,2021,3,1
Deja Vu,Olivia Rodrigo,2021,3,8
Go Crazy,Chris Brown & Young Thug,2021,3,42
Holy,Justin Bieber Featuring Chance The Rapper,2021,3,14
I Hope,Gabby Barrett Featuring Charlie Puth,2021,3,52
Lemon Pepper Freestyle,Drake Featuring Rick Ross,2021,3,1
Champagne Poetry,Drake,2021,4,1
Rumors,Lizzo Featuring Cardi B,2021,4,1
Save Your Tears,The Weeknd,2021,4,9
amari,J. Cole,2021,5,1
7 Summers,Morgan Wallen,2021,6,18
Anyone,Justin Bieber,2021,6,1
Astronaut In The Ocean,Masked Wolf,2021,6,13
For The Night,Pop Smoke Featuring Lil Baby & DaBaby,2021,6,25
Hurricane,Kanye West,2021,6,1
Lemonade,Internet Money & Gunna Featuring Don Toliver & NAV,2021,6,19
My Future,Billie Eilish,2021,6,7
In The Bible,Drake Featuring Lil Durk & Giveon,2021,7,1
pride.is.the.devil,J. Cole & Lil Baby,2021,7,1
95.south,J. Cole,2021,8,1
Bang!,AJR,2021,8,28
interlude,J. Cole,2021,8,1
Monster,Shawn Mendes & Justin Bieber,2021,8,5
Papi's Home,Drake,2021,8,1
Without You,The Kid LAROI & Miley Cyrus,2021,8,22
Without You,The Kid LAROI,2021,8,23
Before You Go,Lewis Capaldi,2021,9,45
Good Days,SZA,2021,9,5
Traitor,Olivia Rodrigo,2021,9,1
TSU,Drake,2021,9,1
What You Know Bout Love,Pop Smoke,2021,9,26
Jail,Kanye West,2021,10,1
Love All,Drake Featuring JAY-Z,2021,10,1
Mr. Right Now,21 Savage & Metro Boomin Featuring Drake,2021,10,12
Whoopty,CJ,2021,10,13
Yonaguni,Bad Bunny,2021,10,1
Your Power,Billie Eilish,2021,10,1
Escape Plan,Travis Scott,2021,11,3
Love Story (Taylor's Version),Taylor Swift,2021,11,1
Miss The Rage,Trippie Redd & Playboi Carti,2021,11,1
No Friends In The Industry,Drake,2021,11,1
Off The Grid,Kanye West,2021,11,1
Tombstone,Rod Wave,2021,11,2
Beat Box,SpotemGottem Featuring Pooh Shiesty Or DaBaby,2021,12,13
Body,Megan Thee Stallion,2021,12,5
Brutal,Olivia Rodrigo,2021,12,1
Hawai,Maluma & The Weeknd,2021,12,18
Lonely,Justin Bieber & benny blanco,2021,12,13
N 2 Deep,Drake Featuring Future,2021,12,1
Ok Ok,Kanye West,2021,12,1
Seeing Green,"Nicki Minaj, Drake & Lil Wayne",2021,12,1
Solid,Young Thug & Gunna Featuring Drake,2021,12,1
applying.pressure,J. Cole,2021,13,1
Back In Blood,Pooh Shiesty Featuring Lil Durk,2021,13,8
Beautiful Mistakes,Maroon 5 Featuring Megan Thee Stallion,2021,13,16
Kings & Queens,Ava Max,2021,13,20
Motley Crew,Post Malone,2021,13,1
100.mil',J. Cole & Bas,2021,14,1
Am I The Only One,Aaron Lewis,2021,14,1
Best Friend,Saweetie Featuring Doja Cat,2021,14,13
Enough For You,Olivia Rodrigo,2021,14,1
Midnight Sky,Miley Cyrus,2021,14,18
Pipe Down,Drake,2021,14,1
Skate,Silk Sonic (Bruno Mars & Anderson .Paak),2021,14,1
Wild Side,Normani Featuring Cardi B,2021,14,1
WUSYANAME,"Tyler, The Creator Featuring YoungBoy Never Broke Again & Ty Dolla $ign",2021,14,1
Better Together,Luke Combs,2021,15,16
Happier,Olivia Rodrigo,2021,15,1
Having Our Way,Migos Featuring Drake,2021,15,1
More Than My Hometown,Morgan Wallen,2021,15,27
On Me,Lil Baby,2021,15,21
7am On Bridle Path,Drake,2021,16,1
Favorite Crime,Olivia Rodrigo,2021,16,2
Hats Off,"Lil Baby, Lil Durk & Travis Scott",2021,16,1
Heartbreak Anniversary,Giveon,2021,16,19
Junya,Kanye West,2021,16,1
Ruff Ryders' Anthem,DMX,2021,16,5
Street Runner,Rod Wave,2021,16,3
Streets,Doja Cat,2021,16,10
Thot Shit,Megan Thee Stallion,2021,16,1
Whole Lotta Money,BIA Featuring Nicki Minaj,2021,16,1
Moon,Kanye West,2021,17,1
You Broke Me First.,Tate McRae,2021,17,28
I Drink Wine,Adele,2021,18,2
Race My Mind,Drake,2021,18,1
Ski,Young Thug & Gunna,2021,18,1
State Of Grace (Taylor's Version),Taylor Swift,2021,18,2
Wonder,Shawn Mendes,2021,18,11
You're Mines Still,Yung Bleu Featuring Drake,2021,18,15
"1 Step Forward, 3 Steps Back",Olivia Rodrigo,2021,19,1
Leave Before You Love Me,Marshmello X Jonas Brothers,2021,19,12
let.go.my.hand,"J. Cole, Bas & 6LACK",2021,19,1
The Good Ones,Gabby Barrett,2021,19,16
Every Chance I Get,DJ Khaled Featuring Lil Baby & Lil Durk,2021,20,1
Good Time,Niko Moon,2021,20,22
Hold On,Justin Bieber,2021,20,3
Late At Night,Roddy Ricch,2021,20,1
My Ex's Best Friend,Machine Gun Kelly X blackbear,2021,20,39
Praise God,Kanye West,2021,20,1
punchin'.the.clock,J. Cole,2021,20,1
Wockesha,Moneybagg Yo,2021,20,23
