title,artist,top genre,year,bpm,nrgy,dnce,dB,live,val,dur,acous,spch,pop
2 Hard 4 The Radio,Drake,unknown,2026,-1,-1,-1,-1,-1,-1,-1,-1,-1,-1
American Cars,Noah Kahan,unknown,2026,-1,-1,-1,-1,-1,-1,-1,-1,-1,-1
American Girls,Harry Styles,unknown,2026,-1,-1,-1,-1,-1,-1,-1,-1,-1,-1
Aperture,Harry Styles,unknown,2026,-1,-1,-1,-1,-1,-1,-1,-1,-1,-1
B's On The Table,Drake Featuring 21 Savage,unknown,2026,-1,-1,-1,-1,-1,-1,-1,-1,-1,-1
Babydoll,Dominic Fike,unknown,2026,-1,-1,-1,-1,-1,-1,-1,-1,-1,-1
BbY WOW,Karol G With Judeline & rusowsky,unknown,2026,-1,-1,-1,-1,-1,-1,-1,-1,-1,-1
Be By You,Luke Combs,unknown,2026,-1,-1,-1,-1,-1,-1,-1,-1,-1,-1
Be Her,Ella Langley,unknown,2026,-1,-1,-1,-1,-1,-1,-1,-1,-1,-1
Been By Now,Morgan Wallen,unknown,2026,-1,-1,-1,-1,-1,-1,-1,-1,-1,-1
Begged,Olivia Rodrigo,unknown,2026,-1,-1,-1,-1,-1,-1,-1,-1,-1,-1
Body,Don Toliver,unknown,2026,-1,-1,-1,-1,-1,-1,-1,-1,-1,-1
Born In The U.S.A.,Bruce Springsteen,unknown,2026,-1,-1,-1,-1,-1,-1,-1,-1,-1,-1
Boston,Stella Lefty,unknown,2026,-1,-1,-1,-1,-1,-1,-1,-1,-1,-1
Bottom Of Your Boots,Ella Langley,unknown,2026,-1,-1,-1,-1,-1,-1,-1,-1,-1,-1
Burning Bridges,Drake,unknown,2026,-1,-1,-1,-1,-1,-1,-1,-1,-1,-1
Coming Up Roses,Harry Styles,unknown,2026,-1,-1,-1,-1,-1,-1,-1,-1,-1,-1
Dai Dai (FIFA World Cup Official Song 2026),Shakira X Burna Boy,unknown,2026,-1,-1,-1,-1,-1,-1,-1,-1,-1,-1
Dashboard,Noah Kahan,unknown,2026,-1,-1,-1,-1,-1,-1,-1,-1,-1,-1
Dead Fresh,Lil Baby,unknown,2026,-1,-1,-1,-1,-1,-1,-1,-1,-1,-1
Die On This Hill,Sienna Spiro,unknown,2026,-1,-1,-1,-1,-1,-1,-1,-1,-1,-1
Don't Stop 'Til You Get Enough,Michael Jackson,unknown,2026,-1,-1,-1,-1,-1,-1,-1,-1,-1,-1
Doors,Noah Kahan,unknown,2026,-1,-1,-1,-1,-1,-1,-1,-1,-1,-1
Dracula,Tame Impala & JENNIE,unknown,2026,-1,-1,-1,-1,-1,-1,-1,-1,-1,-1
Drop Dead,Olivia Rodrigo,unknown,2026,-1,-1,-1,-1,-1,-1,-1,-1,-1,-1
Dust,Drake,unknown,2026,-1,-1,-1,-1,-1,-1,-1,-1,-1,-1
E85,Don Toliver,unknown,2026,-1,-1,-1,-1,-1,-1,-1,-1,-1,-1
Earrings,Malcolm Todd,unknown,2026,-1,-1,-1,-1,-1,-1,-1,-1,-1,-1
End Of August,Noah Kahan,unknown,2026,-1,-1,-1,-1,-1,-1,-1,-1,-1,-1
Expectations,Olivia Rodrigo,unknown,2026,-1,-1,-1,-1,-1,-1,-1,-1,-1,-1
Hate That I Made You Love Me,Ariana Grande,unknown,2026,-1,-1,-1,-1,-1,-1,-1,-1,-1,-1
Homewrecker,sombr,unknown,2026,-1,-1,-1,-1,-1,-1,-1,-1,-1,-1
Honeybee,Olivia Rodrigo,unknown,2026,-1,-1,-1,-1,-1,-1,-1,-1,-1,-1
I Can't Love You Anymore,Ella Langley & Morgan Wallen,unknown,2026,-1,-1,-1,-1,-1,-1,-1,-1,-1,-1
I Just Might,Bruno Mars,unknown,2026,-1,-1,-1,-1,-1,-1,-1,-1,-1,-1
"I Knew It, I Knew You",Taylor Swift,unknown,2026,-1,-1,-1,-1,-1,-1,-1,-1,-1,-1
Iloveitiloveitiloveit,Bella Kay,unknown,2026,-1,-1,-1,-1,-1,-1,-1,-1,-1,-1
Jaded,Koe Wetzel & Ella Langley,unknown,2026,-1,-1,-1,-1,-1,-1,-1,-1,-1,-1
Janice STFU,Drake,unknown,2026,-1,-1,-1,-1,-1,-1,-1,-1,-1,-1
Little Birdie,Drake,unknown,2026,-1,-1,-1,-1,-1,-1,-1,-1,-1,-1
Maggots For Brains,Olivia Rodrigo,unknown,2026,-1,-1,-1,-1,-1,-1,-1,-1,-1,-1
Make Them Cry,Drake,unknown,2026,-1,-1,-1,-1,-1,-1,-1,-1,-1,-1
Make Them Pay,Drake,unknown,2026,-1,-1,-1,-1,-1,-1,-1,-1,-1,-1
Make Them Remember,Drake,unknown,2026,-1,-1,-1,-1,-1,-1,-1,-1,-1,-1
Midnight Sun,Zara Larsson,unknown,2026,-1,-1,-1,-1,-1,-1,-1,-1,-1,-1
My Way,Olivia Rodrigo,unknown,2026,-1,-1,-1,-1,-1,-1,-1,-1,-1,-1
National Treasures,Drake,unknown,2026,-1,-1,-1,-1,-1,-1,-1,-1,-1,-1
Oh Yeah?,Steve Lacy,unknown,2026,-1,-1,-1,-1,-1,-1,-1,-1,-1,-1
Petal,Ariana Grande,unknown,2026,-1,-1,-1,-1,-1,-1,-1,-1,-1,-1
Plastic Cigarette,Zach Bryan,unknown,2026,-1,-1,-1,-1,-1,-1,-1,-1,-1,-1
Plot Twist,Drake,unknown,2026,-1,-1,-1,-1,-1,-1,-1,-1,-1,-1
Porch Light,Noah Kahan,unknown,2026,-1,-1,-1,-1,-1,-1,-1,-1,-1,-1
Ran To Atlanta,Drake Feauring Future & Molly Santana,unknown,2026,-1,-1,-1,-1,-1,-1,-1,-1,-1,-1
Ran To Atlanta,Drake Featuring Future & Molly Santana,unknown,2026,-1,-1,-1,-1,-1,-1,-1,-1,-1,-1
"Ready, Steady, Go!",Harry Styles,unknown,2026,-1,-1,-1,-1,-1,-1,-1,-1,-1,-1
Risk It All,Bruno Mars,unknown,2026,-1,-1,-1,-1,-1,-1,-1,-1,-1,-1
Shabang,Drake,unknown,2026,-1,-1,-1,-1,-1,-1,-1,-1,-1,-1
Sleepless In A Hotel Room,Luke Combs,unknown,2026,-1,-1,-1,-1,-1,-1,-1,-1,-1,-1
Spend Dat,Yung Miami,unknown,2026,-1,-1,-1,-1,-1,-1,-1,-1,-1,-1
Stateside,PinkPantheress With Zara Larsson,unknown,2026,-1,-1,-1,-1,-1,-1,-1,-1,-1,-1
Stupid Song,Olivia Rodrigo,unknown,2026,-1,-1,-1,-1,-1,-1,-1,-1,-1,-1
Swim,BTS,unknown,2026,-1,-1,-1,-1,-1,-1,-1,-1,-1,-1
"Take Me Home, Country Roads",John Denver With Fat City,unknown,2026,-1,-1,-1,-1,-1,-1,-1,-1,-1,-1
Taste Back,Harry Styles,unknown,2026,-1,-1,-1,-1,-1,-1,-1,-1,-1,-1
The Cure,Olivia Rodrigo,unknown,2026,-1,-1,-1,-1,-1,-1,-1,-1,-1,-1
The Great Divide,Noah Kahan,unknown,2026,-1,-1,-1,-1,-1,-1,-1,-1,-1,-1
Two Six,J. Cole,unknown,2026,-1,-1,-1,-1,-1,-1,-1,-1,-1,-1
u + me = <3,Olivia Rodrigo,unknown,2026,-1,-1,-1,-1,-1,-1,-1,-1,-1,-1
What You Saying,Lil Uzi Vert,unknown,2026,-1,-1,-1,-1,-1,-1,-1,-1,-1,-1
What's Wrong With Me,Olivia Rodrigo & Robert Smith,unknown,2026,-1,-1,-1,-1,-1,-1,-1,-1,-1,-1
Whisper My Name,Drake,unknown,2026,-1,-1,-1,-1,-1,-1,-1,-1,-1,-1
20 Cigarettes,Morgan Wallen,unknown,2025,-1,-1,-1,-1,-1,-1,-1,-1,-1,-1
30 For 30,SZA With Kendrick Lamar,unknown,2025,-1,-1,-1,-1,-1,-1,-1,-1,-1,-1
4X4,Travis Scott,unknown,2025,-1,-1,-1,-1,-1,-1,-1,-1,-1,-1
Abracadabra,Lady Gaga,unknown,2025,-1,-1,-1,-1,-1,-1,-1,-1,-1,-1
Actually Romantic,Taylor Swift,unknown,2025,-1,-1,-1,-1,-1,-1,-1,-1,-1,-1
All The Way,BigXthaPlug Featuring Bailey Zimmerman,unknown,2025,-1,-1,-1,-1,-1,-1,-1,-1,-1,-1
Anxiety,Doechii,unknown,2025,-1,-1,-1,-1,-1,-1,-1,-1,-1,-1
Back To Friends,sombr,unknown,2025,-1,-1,-1,-1,-1,-1,-1,-1,-1,-1
Baile Inolvidable,Bad Bunny,unknown,2025,-1,-1,-1,-1,-1,-1,-1,-1,-1,-1
Blue Strips,Jessie Murph,unknown,2025,-1,-1,-1,-1,-1,-1,-1,-1,-1,-1
Blue Strips,jessie murph,unknown,2025,-1,-1,-1,-1,-1,-1,-1,-1,-1,-1
Cancelled!,Taylor Swift,unknown,2025,-1,-1,-1,-1,-1,-1,-1,-1,-1,-1
Choosin' Texas,Ella Langley,unknown,2025,-1,-1,-1,-1,-1,-1,-1,-1,-1,-1
CN Tower,PARTYNEXTDOOR & Drake,unknown,2025,-1,-1,-1,-1,-1,-1,-1,-1,-1,-1
Crush,Playboi Carti & Travis Scott,unknown,2025,-1,-1,-1,-1,-1,-1,-1,-1,-1,-1
Cry For Me,The Weeknd,unknown,2025,-1,-1,-1,-1,-1,-1,-1,-1,-1,-1
Daisies,Justin Bieber,unknown,2025,-1,-1,-1,-1,-1,-1,-1,-1,-1,-1
Don't We,Morgan Wallen,unknown,2025,-1,-1,-1,-1,-1,-1,-1,-1,-1,-1
DTMF,Bad Bunny,unknown,2025,-1,-1,-1,-1,-1,-1,-1,-1,-1,-1
"Dum, Dumb, And Dumber","Lil Baby, Young Thug & Future",unknown,2025,-1,-1,-1,-1,-1,-1,-1,-1,-1,-1
Eldest Daughter,Taylor Swift,unknown,2025,-1,-1,-1,-1,-1,-1,-1,-1,-1,-1
Elizabeth Taylor,Taylor Swift,unknown,2025,-1,-1,-1,-1,-1,-1,-1,-1,-1,-1
EOO,Bad Bunny,unknown,2025,-1,-1,-1,-1,-1,-1,-1,-1,-1,-1
Eternity,Alex Warren,unknown,2025,-1,-1,-1,-1,-1,-1,-1,-1,-1,-1
Evil J0rdan,Playboi Carti,unknown,2025,-1,-1,-1,-1,-1,-1,-1,-1,-1,-1
Fat Juicy & Wet,Sexyy Red & Bruno Mars,unknown,2025,-1,-1,-1,-1,-1,-1,-1,-1,-1,-1
Father Figure,Taylor Swift,unknown,2025,-1,-1,-1,-1,-1,-1,-1,-1,-1,-1
FDO,Pooh Shiesty,unknown,2025,-1,-1,-1,-1,-1,-1,-1,-1,-1,-1
Folded,Kehlani,unknown,2025,-1,-1,-1,-1,-1,-1,-1,-1,-1,-1
Gimme A Hug,Drake,unknown,2025,-1,-1,-1,-1,-1,-1,-1,-1,-1,-1
Go Baby,Justin Bieber,unknown,2025,-1,-1,-1,-1,-1,-1,-1,-1,-1,-1
Golden,"HUNTR/X: EJAE, Audrey Nuna & REI AMI",unknown,2025,-1,-1,-1,-1,-1,-1,-1,-1,-1,-1
Good Credit,Playboi Carti & Kendrick Lamar,unknown,2025,-1,-1,-1,-1,-1,-1,-1,-1,-1,-1
Honey,Taylor Swift,unknown,2025,-1,-1,-1,-1,-1,-1,-1,-1,-1,-1
How It's Done,"HUNTR/X: EJAE, Audrey Nuna & REI AMI",unknown,2025,-1,-1,-1,-1,-1,-1,-1,-1,-1,-1
I Ain't Coming Back,Morgan Wallen & Post Malone,unknown,2025,-1,-1,-1,-1,-1,-1,-1,-1,-1,-1
I Ain't Coming Back,Morgan Wallen Featuring Post Malone,unknown,2025,-1,-1,-1,-1,-1,-1,-1,-1,-1,-1
I Got Better,Morgan Wallen,unknown,2025,-1,-1,-1,-1,-1,-1,-1,-1,-1,-1
I'm A Little Crazy,Morgan Wallen,unknown,2025,-1,-1,-1,-1,-1,-1,-1,-1,-1,-1
I'm The Problem,Morgan Wallen,unknown,2025,-1,-1,-1,-1,-1,-1,-1,-1,-1,-1
It Depends,Chris Brown Featuring Bryson Tiller,unknown,2025,-1,-1,-1,-1,-1,-1,-1,-1,-1,-1
Just In Case,Morgan Wallen,unknown,2025,-1,-1,-1,-1,-1,-1,-1,-1,-1,-1
Loser,Tame Impala,unknown,2025,-1,-1,-1,-1,-1,-1,-1,-1,-1,-1
Love Me Not,Ravyn Lenae,unknown,2025,-1,-1,-1,-1,-1,-1,-1,-1,-1,-1
Man I Need,Olivia Dean,unknown,2025,-1,-1,-1,-1,-1,-1,-1,-1,-1,-1
Manchild,Sabrina Carpenter,unknown,2025,-1,-1,-1,-1,-1,-1,-1,-1,-1,-1
Mutt,Leon Thomas,unknown,2025,-1,-1,-1,-1,-1,-1,-1,-1,-1,-1
My Man On Willpower,Sabrina Carpenter,unknown,2025,-1,-1,-1,-1,-1,-1,-1,-1,-1,-1
Mystical Magical,Benson Boone,unknown,2025,-1,-1,-1,-1,-1,-1,-1,-1,-1,-1
Nobody's Son,Sabrina Carpenter,unknown,2025,-1,-1,-1,-1,-1,-1,-1,-1,-1,-1
Nokia,Drake,unknown,2025,-1,-1,-1,-1,-1,-1,-1,-1,-1,-1
Nuevayol,Bad Bunny,unknown,2025,-1,-1,-1,-1,-1,-1,-1,-1,-1,-1
Opalite,Taylor Swift,unknown,2025,-1,-1,-1,-1,-1,-1,-1,-1,-1,-1
Ordinary,Alex Warren,unknown,2025,-1,-1,-1,-1,-1,-1,-1,-1,-1,-1
Outside,Cardi B,unknown,2025,-1,-1,-1,-1,-1,-1,-1,-1,-1,-1
Rather Lie,Playboi Carti & The Weeknd,unknown,2025,-1,-1,-1,-1,-1,-1,-1,-1,-1,-1
Ruin The Friendship,Taylor Swift,unknown,2025,-1,-1,-1,-1,-1,-1,-1,-1,-1,-1
Smile,Morgan Wallen,unknown,2025,-1,-1,-1,-1,-1,-1,-1,-1,-1,-1
So Easy (To Fall In Love),Olivia Dean,unknown,2025,-1,-1,-1,-1,-1,-1,-1,-1,-1,-1
Soda Pop,"Saja Boys: Andrew Choi, Neckwav, Danny Chung, Kevin Woo & samUIL Lee",unknown,2025,-1,-1,-1,-1,-1,-1,-1,-1,-1,-1
Sorry I'm Here For Someone Else,Benson Boone,unknown,2025,-1,-1,-1,-1,-1,-1,-1,-1,-1,-1
Sports Car,Tate McRae,unknown,2025,-1,-1,-1,-1,-1,-1,-1,-1,-1,-1
Sugar Talking,Sabrina Carpenter,unknown,2025,-1,-1,-1,-1,-1,-1,-1,-1,-1,-1
Superman,Morgan Wallen,unknown,2025,-1,-1,-1,-1,-1,-1,-1,-1,-1,-1
Tears,Sabrina Carpenter,unknown,2025,-1,-1,-1,-1,-1,-1,-1,-1,-1,-1
The Fate Of Ophelia,Taylor Swift,unknown,2025,-1,-1,-1,-1,-1,-1,-1,-1,-1,-1
The Giver,Chappell Roan,unknown,2025,-1,-1,-1,-1,-1,-1,-1,-1,-1,-1
The Life Of A Showgirl,Taylor Swift Featuring Sabrina Carpenter,unknown,2025,-1,-1,-1,-1,-1,-1,-1,-1,-1,-1
The Subway,Chappell Roan,unknown,2025,-1,-1,-1,-1,-1,-1,-1,-1,-1,-1
Tit For Tat,Tate McRae,unknown,2025,-1,-1,-1,-1,-1,-1,-1,-1,-1,-1
Travelin' Soldier,Cody Johnson & The Rockin' CJB,unknown,2025,-1,-1,-1,-1,-1,-1,-1,-1,-1,-1
Travelin' Soldier,Cody Johnson,unknown,2025,-1,-1,-1,-1,-1,-1,-1,-1,-1,-1
Twilight Zone,Ariana Grande,unknown,2025,-1,-1,-1,-1,-1,-1,-1,-1,-1,-1
Undressed,sombr,unknown,2025,-1,-1,-1,-1,-1,-1,-1,-1,-1,-1
Voy A Llevarte Pa PR,Bad Bunny,unknown,2025,-1,-1,-1,-1,-1,-1,-1,-1,-1,-1
Weren't For The Wind,Ella Langley,unknown,2025,-1,-1,-1,-1,-1,-1,-1,-1,-1,-1
wgft,Gunna Featuring Burna Boy,unknown,2025,-1,-1,-1,-1,-1,-1,-1,-1,-1,-1
What Did I Miss?,Drake,unknown,2025,-1,-1,-1,-1,-1,-1,-1,-1,-1,-1
What I Want,Morgan Wallen Featuring Tate McRae,unknown,2025,-1,-1,-1,-1,-1,-1,-1,-1,-1,-1
What It Sounds Like,"HUNTR/X: EJAE, Audrey Nuna & REI AMI",unknown,2025,-1,-1,-1,-1,-1,-1,-1,-1,-1,-1
When Did You Get Hot?,Sabrina Carpenter,unknown,2025,-1,-1,-1,-1,-1,-1,-1,-1,-1,-1
Where Is My Husband!,RAYE,unknown,2025,-1,-1,-1,-1,-1,-1,-1,-1,-1,-1
Wi$h Li$t,Taylor Swift,unknown,2025,-1,-1,-1,-1,-1,-1,-1,-1,-1,-1
Wood,Taylor Swift,unknown,2025,-1,-1,-1,-1,-1,-1,-1,-1,-1,-1
Your Idol,"Saja Boys: Andrew Choi, Neckwav, Danny Chung, Kevin Woo & samUIL Lee",unknown,2025,-1,-1,-1,-1,-1,-1,-1,-1,-1,-1
Yukon,Justin Bieber,unknown,2025,-1,-1,-1,-1,-1,-1,-1,-1,-1,-1
25,Rod Wave,unknown,2024,-1,-1,-1,-1,-1,-1,-1,-1,-1,-1
28,Zach Bryan,unknown,2024,-1,-1,-1,-1,-1,-1,-1,-1,-1,-1
7 Minute Drill,J. Cole,unknown,2024,-1,-1,-1,-1,-1,-1,-1,-1,-1,-1
A Bar Song (Tipsy),Shaboozey,unknown,2024,-1,-1,-1,-1,-1,-1,-1,-1,-1,-1
Act II: Date @ 8,4Batz Featuring Drake,unknown,2024,-1,-1,-1,-1,-1,-1,-1,-1,-1,-1
Ain't No Love In Oklahoma,Luke Combs,unknown,2024,-1,-1,-1,-1,-1,-1,-1,-1,-1,-1
All Of Me,21 Savage,unknown,2024,-1,-1,-1,-1,-1,-1,-1,-1,-1,-1
All Red,Playboi Carti,unknown,2024,-1,-1,-1,-1,-1,-1,-1,-1,-1,-1
APT.,ROSE & Bruno Mars,unknown,2024,-1,-1,-1,-1,-1,-1,-1,-1,-1,-1
Austin,Dasha,unknown,2024,-1,-1,-1,-1,-1,-1,-1,-1,-1,-1
BAND4BAND,Central Cee & Lil Baby,unknown,2024,-1,-1,-1,-1,-1,-1,-1,-1,-1,-1
Beautiful Things,Benson Boone,unknown,2024,-1,-1,-1,-1,-1,-1,-1,-1,-1,-1
Bed Chem,Sabrina Carpenter,unknown,2024,-1,-1,-1,-1,-1,-1,-1,-1,-1,-1
Birds Of A Feather,Billie Eilish,unknown,2024,-1,-1,-1,-1,-1,-1,-1,-1,-1,-1
But Daddy I Love Him,Taylor Swift,unknown,2024,-1,-1,-1,-1,-1,-1,-1,-1,-1,-1
Bye Bye Bye,*NSYNC,unknown,2024,-1,-1,-1,-1,-1,-1,-1,-1,-1,-1
Carnival,¥$: Kanye West & Ty Dolla $ign,unknown,2024,-1,-1,-1,-1,-1,-1,-1,-1,-1,-1
Carnival,¥$: Kanye West & Ty Dolla $ign Featuring Rich The Kid & Playboi Carti,unknown,2024,-1,-1,-1,-1,-1,-1,-1,-1,-1,-1
Carnival,¥$: Ye & Ty Dolla $ign Featuring Rich The Kid & Playboi Carti,unknown,2024,-1,-1,-1,-1,-1,-1,-1,-1,-1,-1
Chihiro,Billie Eilish,unknown,2024,-1,-1,-1,-1,-1,-1,-1,-1,-1,-1
Cinderella,"Future, Metro Boomin & Travis Scott",unknown,2024,-1,-1,-1,-1,-1,-1,-1,-1,-1,-1
Crocodile Tearz,J. Cole,unknown,2024,-1,-1,-1,-1,-1,-1,-1,-1,-1,-1
Dancing In The Flames,The Weeknd,unknown,2024,-1,-1,-1,-1,-1,-1,-1,-1,-1,-1
"Darling, I","Tyler, The Creator Featuring Teezo Touchdown",unknown,2024,-1,-1,-1,-1,-1,-1,-1,-1,-1,-1
Die With A Smile,Lady Gaga & Bruno Mars,unknown,2024,-1,-1,-1,-1,-1,-1,-1,-1,-1,-1
Dodger Blue,"Kendrick Lamar Featuring Wallie the Sensei, Siete7x & Roddy Ricch",unknown,2024,-1,-1,-1,-1,-1,-1,-1,-1,-1,-1
Down Bad,Taylor Swift,unknown,2024,-1,-1,-1,-1,-1,-1,-1,-1,-1,-1
End Of Beginning,Djo,unknown,2024,-1,-1,-1,-1,-1,-1,-1,-1,-1,-1
Enough (Miami),Cardi B,unknown,2024,-1,-1,-1,-1,-1,-1,-1,-1,-1,-1
Espresso,Sabrina Carpenter,unknown,2024,-1,-1,-1,-1,-1,-1,-1,-1,-1,-1
Euphoria,Kendrick Lamar,unknown,2024,-1,-1,-1,-1,-1,-1,-1,-1,-1,-1
Facts,Tom MacDonald X Ben Shapiro,unknown,2024,-1,-1,-1,-1,-1,-1,-1,-1,-1,-1
Family Matters,Drake,unknown,2024,-1,-1,-1,-1,-1,-1,-1,-1,-1,-1
Florida!!!,Taylor Swift Featuring Florence + The Machine,unknown,2024,-1,-1,-1,-1,-1,-1,-1,-1,-1,-1
Fortnight,Taylor Swift Featuring Post Malone,unknown,2024,-1,-1,-1,-1,-1,-1,-1,-1,-1,-1
Fresh Out The Slammer,Taylor Swift,unknown,2024,-1,-1,-1,-1,-1,-1,-1,-1,-1,-1
Get It Sexyy,Sexyy Red,unknown,2024,-1,-1,-1,-1,-1,-1,-1,-1,-1,-1
Good Graces,Sabrina Carpenter,unknown,2024,-1,-1,-1,-1,-1,-1,-1,-1,-1,-1
"Good Luck, Babe!",Chappell Roan,unknown,2024,-1,-1,-1,-1,-1,-1,-1,-1,-1,-1
Good News,Shaboozey,unknown,2024,-1,-1,-1,-1,-1,-1,-1,-1,-1,-1
Guess,Charli xcx Featuring Billie Eilish,unknown,2024,-1,-1,-1,-1,-1,-1,-1,-1,-1,-1
Guilty As Sin?,Taylor Swift,unknown,2024,-1,-1,-1,-1,-1,-1,-1,-1,-1,-1
Guy For That,Post Malone Featuring Luke Combs,unknown,2024,-1,-1,-1,-1,-1,-1,-1,-1,-1,-1
Habits,Eminem & White Gold,unknown,2024,-1,-1,-1,-1,-1,-1,-1,-1,-1,-1
Heart Pt. 6,Kendrick Lamar,unknown,2024,-1,-1,-1,-1,-1,-1,-1,-1,-1,-1
Hey Now,Kendrick Lamar Featuring Dody6,unknown,2024,-1,-1,-1,-1,-1,-1,-1,-1,-1,-1
Hiss,Megan Thee Stallion,unknown,2024,-1,-1,-1,-1,-1,-1,-1,-1,-1,-1
Hot To Go!,Chappell Roan,unknown,2024,-1,-1,-1,-1,-1,-1,-1,-1,-1,-1
Houdini,Eminem,unknown,2024,-1,-1,-1,-1,-1,-1,-1,-1,-1,-1
I Am Not Okay,Jelly Roll,unknown,2024,-1,-1,-1,-1,-1,-1,-1,-1,-1,-1
I Can Do It With A Broken Heart,Taylor Swift,unknown,2024,-1,-1,-1,-1,-1,-1,-1,-1,-1,-1
I Can Fix Him (No Really I Can),Taylor Swift,unknown,2024,-1,-1,-1,-1,-1,-1,-1,-1,-1,-1
I Had Some Help,Post Malone Featuring Morgan Wallen,unknown,2024,-1,-1,-1,-1,-1,-1,-1,-1,-1,-1
I Like The Way You Kiss Me,Artemas,unknown,2024,-1,-1,-1,-1,-1,-1,-1,-1,-1,-1
"I Love You, I'm Sorry",Gracie Abrams,unknown,2024,-1,-1,-1,-1,-1,-1,-1,-1,-1,-1
Ice Attack,Future & Metro Boomin,unknown,2024,-1,-1,-1,-1,-1,-1,-1,-1,-1,-1
II Most Wanted,Beyonce & Miley Cyrus,unknown,2024,-1,-1,-1,-1,-1,-1,-1,-1,-1,-1
It's Ok I'm Ok,Tate McRae,unknown,2024,-1,-1,-1,-1,-1,-1,-1,-1,-1,-1
Jolene,Beyonce,unknown,2024,-1,-1,-1,-1,-1,-1,-1,-1,-1,-1
Let It Snow! Let It Snow! Let It Snow!,Dean Martin,unknown,2024,-1,-1,-1,-1,-1,-1,-1,-1,-1,-1
Levii's Jeans,Beyonce & Post Malone,unknown,2024,-1,-1,-1,-1,-1,-1,-1,-1,-1,-1
Lies Lies Lies,Morgan Wallen,unknown,2024,-1,-1,-1,-1,-1,-1,-1,-1,-1,-1
Like That,"Future, Metro Boomin & Kendrick Lamar",unknown,2024,-1,-1,-1,-1,-1,-1,-1,-1,-1,-1
loml,Taylor Swift,unknown,2024,-1,-1,-1,-1,-1,-1,-1,-1,-1,-1
Love Somebody,Morgan Wallen,unknown,2024,-1,-1,-1,-1,-1,-1,-1,-1,-1,-1
Lunch,Billie Eilish,unknown,2024,-1,-1,-1,-1,-1,-1,-1,-1,-1,-1
Luther,Kendrick Lamar & SZA,unknown,2024,-1,-1,-1,-1,-1,-1,-1,-1,-1,-1
Made For Me,Muni Long,unknown,2024,-1,-1,-1,-1,-1,-1,-1,-1,-1,-1
Man At The Garden,Kendrick Lamar,unknown,2024,-1,-1,-1,-1,-1,-1,-1,-1,-1,-1
Meet The Grahams,Kendrick Lamar,unknown,2024,-1,-1,-1,-1,-1,-1,-1,-1,-1,-1
Messy,Lola Young,unknown,2024,-1,-1,-1,-1,-1,-1,-1,-1,-1,-1
Miles On It,Marshmello & Kane Brown,unknown,2024,-1,-1,-1,-1,-1,-1,-1,-1,-1,-1
Million Dollar Baby,Tommy Richman,unknown,2024,-1,-1,-1,-1,-1,-1,-1,-1,-1,-1
My Boy Only Breaks His Favorite Toys,Taylor Swift,unknown,2024,-1,-1,-1,-1,-1,-1,-1,-1,-1,-1
N.H.I.E.,21 Savage & Doja Cat,unknown,2024,-1,-1,-1,-1,-1,-1,-1,-1,-1,-1
Nee-nah,"21 Savage, Travis Scott & Metro Boomin",unknown,2024,-1,-1,-1,-1,-1,-1,-1,-1,-1,-1
Noid,"Tyler, The Creator",unknown,2024,-1,-1,-1,-1,-1,-1,-1,-1,-1,-1
Not Like Us,Kendrick Lamar,unknown,2024,-1,-1,-1,-1,-1,-1,-1,-1,-1,-1
Obsessed,Olivia Rodrigo,unknown,2024,-1,-1,-1,-1,-1,-1,-1,-1,-1,-1
Peekaboo,Kendrick Lamar Featuring AzChike,unknown,2024,-1,-1,-1,-1,-1,-1,-1,-1,-1,-1
Pink Pony Club,Chappell Roan,unknown,2024,-1,-1,-1,-1,-1,-1,-1,-1,-1,-1
Pink Skies,Zach Bryan,unknown,2024,-1,-1,-1,-1,-1,-1,-1,-1,-1,-1
Please Please Please,Sabrina Carpenter,unknown,2024,-1,-1,-1,-1,-1,-1,-1,-1,-1,-1
Pour Me A Drink,Post Malone Featuring Blake Shelton,unknown,2024,-1,-1,-1,-1,-1,-1,-1,-1,-1,-1
Push Ups,Drake,unknown,2024,-1,-1,-1,-1,-1,-1,-1,-1,-1,-1
Rah Tah Tah,"Tyler, The Creator",unknown,2024,-1,-1,-1,-1,-1,-1,-1,-1,-1,-1
Redrum,21 Savage,unknown,2024,-1,-1,-1,-1,-1,-1,-1,-1,-1,-1
Reincarnated,Kendrick Lamar,unknown,2024,-1,-1,-1,-1,-1,-1,-1,-1,-1,-1
Renaissance,Eminem,unknown,2024,-1,-1,-1,-1,-1,-1,-1,-1,-1,-1
Saturn,SZA,unknown,2024,-1,-1,-1,-1,-1,-1,-1,-1,-1,-1
Selfish,Justin Timberlake,unknown,2024,-1,-1,-1,-1,-1,-1,-1,-1,-1,-1
Skinny,Billie Eilish,unknown,2024,-1,-1,-1,-1,-1,-1,-1,-1,-1,-1
Slimed In,Future & Metro Boomin,unknown,2024,-1,-1,-1,-1,-1,-1,-1,-1,-1,-1
"So Long, London",Taylor Swift,unknown,2024,-1,-1,-1,-1,-1,-1,-1,-1,-1,-1
Squabble Up,Kendrick Lamar,unknown,2024,-1,-1,-1,-1,-1,-1,-1,-1,-1,-1
St. Chroma,"Tyler, The Creator Featuring Daniel Caesar",unknown,2024,-1,-1,-1,-1,-1,-1,-1,-1,-1,-1
Stargazing,Myles Smith,unknown,2024,-1,-1,-1,-1,-1,-1,-1,-1,-1,-1
Sticky,"Tyler, The Creator Featuring GloRilla, Sexyy Red & Lil Wayne",unknown,2024,-1,-1,-1,-1,-1,-1,-1,-1,-1,-1
Supernatural,Ariana Grande,unknown,2024,-1,-1,-1,-1,-1,-1,-1,-1,-1,-1
Taste,Sabrina Carpenter,unknown,2024,-1,-1,-1,-1,-1,-1,-1,-1,-1,-1
Texas Hold 'Em,Beyonce,unknown,2024,-1,-1,-1,-1,-1,-1,-1,-1,-1,-1
That's So True,Gracie Abrams,unknown,2024,-1,-1,-1,-1,-1,-1,-1,-1,-1,-1
The Alchemy,Taylor Swift,unknown,2024,-1,-1,-1,-1,-1,-1,-1,-1,-1,-1
The Boy Is Mine,Ariana Grande,unknown,2024,-1,-1,-1,-1,-1,-1,-1,-1,-1,-1
The Smallest Man Who Ever Lived,Taylor Swift,unknown,2024,-1,-1,-1,-1,-1,-1,-1,-1,-1,-1
The Tortured Poets Department,Taylor Swift,unknown,2024,-1,-1,-1,-1,-1,-1,-1,-1,-1,-1
Timeless,The Weeknd & Playboi Carti,unknown,2024,-1,-1,-1,-1,-1,-1,-1,-1,-1,-1
Too Sweet,Hozier,unknown,2024,-1,-1,-1,-1,-1,-1,-1,-1,-1,-1
TV Off,Kendrick Lamar Featuring Lefty Gunplay,unknown,2024,-1,-1,-1,-1,-1,-1,-1,-1,-1,-1
Type Shit,"Future, Metro Boomin, Travis Scott & Playboi Carti",unknown,2024,-1,-1,-1,-1,-1,-1,-1,-1,-1,-1
Wacced Out Murals,Kendrick Lamar,unknown,2024,-1,-1,-1,-1,-1,-1,-1,-1,-1,-1
Wanna Be,GloRilla & Megan Thee Stallion,unknown,2024,-1,-1,-1,-1,-1,-1,-1,-1,-1,-1
We Can't Be Friends (Wait For Your Love),Ariana Grande,unknown,2024,-1,-1,-1,-1,-1,-1,-1,-1,-1,-1
We Don't Trust You,Future & Metro Boomin,unknown,2024,-1,-1,-1,-1,-1,-1,-1,-1,-1,-1
Whatchu Kno About Me,GloRilla & Sexyy Red,unknown,2024,-1,-1,-1,-1,-1,-1,-1,-1,-1,-1
Whatever She Wants,Bryson Tiller,unknown,2024,-1,-1,-1,-1,-1,-1,-1,-1,-1,-1
White Christmas (1947),Bing Crosby With Ken Darby Singers & John Scott Trotter & His Orchestra,unknown,2024,-1,-1,-1,-1,-1,-1,-1,-1,-1,-1
Who,Jimin,unknown,2024,-1,-1,-1,-1,-1,-1,-1,-1,-1,-1
Who's Afraid Of Little Old Me?,Taylor Swift,unknown,2024,-1,-1,-1,-1,-1,-1,-1,-1,-1,-1
Wildflower,Billie Eilish,unknown,2024,-1,-1,-1,-1,-1,-1,-1,-1,-1,-1
Worst Way,Riley Green,unknown,2024,-1,-1,-1,-1,-1,-1,-1,-1,-1,-1
"Yes, And?",Ariana Grande,unknown,2024,-1,-1,-1,-1,-1,-1,-1,-1,-1,-1
Young Metro,"Future, Metro Boomin & The Weeknd",unknown,2024,-1,-1,-1,-1,-1,-1,-1,-1,-1,-1
3D,Jung Kook & Jack Harlow,unknown,2023,-1,-1,-1,-1,-1,-1,-1,-1,-1,-1
7969 Santa,Drake,unknown,2023,-1,-1,-1,-1,-1,-1,-1,-1,-1,-1
8am In Charlotte,Drake,unknown,2023,-1,-1,-1,-1,-1,-1,-1,-1,-1,-1
Agora Hills,Doja Cat,unknown,2023,-1,-1,-1,-1,-1,-1,-1,-1,-1,-1
Ain't That Some,Morgan Wallen,unknown,2023,-1,-1,-1,-1,-1,-1,-1,-1,-1,-1
All My Life,Lil Durk Featuring J. Cole,unknown,2023,-1,-1,-1,-1,-1,-1,-1,-1,-1,-1
All Of The Girls You Loved Before,Taylor Swift,unknown,2023,-1,-1,-1,-1,-1,-1,-1,-1,-1,-1
All You Had To Do Was Stay (Taylor's Version),Taylor Swift,unknown,2023,-1,-1,-1,-1,-1,-1,-1,-1,-1,-1
All-American Bitch,Olivia Rodrigo,unknown,2023,-1,-1,-1,-1,-1,-1,-1,-1,-1,-1
Amen,Drake Featuring Teezo Touchdown,unknown,2023,-1,-1,-1,-1,-1,-1,-1,-1,-1,-1
Back To December (Taylor's Version),Taylor Swift,unknown,2023,-1,-1,-1,-1,-1,-1,-1,-1,-1,-1
Bad Blood (Taylor's Version),Taylor Swift,unknown,2023,-1,-1,-1,-1,-1,-1,-1,-1,-1,-1
Bad Idea Right?,Olivia Rodrigo,unknown,2023,-1,-1,-1,-1,-1,-1,-1,-1,-1,-1
Bahamas Promises,Drake,unknown,2023,-1,-1,-1,-1,-1,-1,-1,-1,-1,-1
Barbie World,Nicki Minaj & Ice Spice With Aqua,unknown,2023,-1,-1,-1,-1,-1,-1,-1,-1,-1,-1
Blank Space (Taylor's Version),Taylor Swift,unknown,2023,-1,-1,-1,-1,-1,-1,-1,-1,-1,-1
Bongos,Cardi B & Megan Thee Stallion,unknown,2023,-1,-1,-1,-1,-1,-1,-1,-1,-1,-1
"Boy's A Liar, Pt. 2",PinkPantheress & Ice Spice,unknown,2023,-1,-1,-1,-1,-1,-1,-1,-1,-1,-1
"Bzrp Music Sessions, Vol. 53",Bizarrap & Shakira,unknown,2023,-1,-1,-1,-1,-1,-1,-1,-1,-1,-1
Call Your Friends,Rod Wave,unknown,2023,-1,-1,-1,-1,-1,-1,-1,-1,-1,-1
Calling For You,Drake Featuring 21 Savage,unknown,2023,-1,-1,-1,-1,-1,-1,-1,-1,-1,-1
Chemical,Post Malone,unknown,2023,-1,-1,-1,-1,-1,-1,-1,-1,-1,-1
Come See Me,Rod Wave,unknown,2023,-1,-1,-1,-1,-1,-1,-1,-1,-1,-1
Cowgirls,Morgan Wallen Featuring ERNEST,unknown,2023,-1,-1,-1,-1,-1,-1,-1,-1,-1,-1
Cupid,Fifty Fifty,unknown,2023,-1,-1,-1,-1,-1,-1,-1,-1,-1,-1
Dance The Night,Dua Lipa,unknown,2023,-1,-1,-1,-1,-1,-1,-1,-1,-1,-1
Daylight,Drake,unknown,2023,-1,-1,-1,-1,-1,-1,-1,-1,-1,-1
Die For You,The Weeknd & Ariana Grande,unknown,2023,-1,-1,-1,-1,-1,-1,-1,-1,-1,-1
Double Fantasy,The Weeknd Featuring Future,unknown,2023,-1,-1,-1,-1,-1,-1,-1,-1,-1,-1
East Side Of Sorrow,Zach Bryan,unknown,2023,-1,-1,-1,-1,-1,-1,-1,-1,-1,-1
Ella Baila Sola,Eslabon Armado X Peso Pluma,unknown,2023,-1,-1,-1,-1,-1,-1,-1,-1,-1,-1
Enchanted (Taylor's Version),Taylor Swift,unknown,2023,-1,-1,-1,-1,-1,-1,-1,-1,-1,-1
Endless Fashion,Lil Uzi Vert Featuring Nicki Minaj,unknown,2023,-1,-1,-1,-1,-1,-1,-1,-1,-1,-1
Everything I Love,Morgan Wallen,unknown,2023,-1,-1,-1,-1,-1,-1,-1,-1,-1,-1
Eyes Closed,Ed Sheeran,unknown,2023,-1,-1,-1,-1,-1,-1,-1,-1,-1,-1
Fast Car,Luke Combs,unknown,2023,-1,-1,-1,-1,-1,-1,-1,-1,-1,-1
Favorite Song,Toosii,unknown,2023,-1,-1,-1,-1,-1,-1,-1,-1,-1,-1
FE!N,Travis Scott Featuring Playboi Carti,unknown,2023,-1,-1,-1,-1,-1,-1,-1,-1,-1,-1
Fear Of Heights,Drake,unknown,2023,-1,-1,-1,-1,-1,-1,-1,-1,-1,-1
Fight The Feeling,Rod Wave,unknown,2023,-1,-1,-1,-1,-1,-1,-1,-1,-1,-1
Fina,Bad Bunny & Young Miko,unknown,2023,-1,-1,-1,-1,-1,-1,-1,-1,-1,-1
First Person Shooter,Drake Featuring J. Cole,unknown,2023,-1,-1,-1,-1,-1,-1,-1,-1,-1,-1
Flooded The Face,Lil Uzi Vert,unknown,2023,-1,-1,-1,-1,-1,-1,-1,-1,-1,-1
Flowers,Miley Cyrus,unknown,2023,-1,-1,-1,-1,-1,-1,-1,-1,-1,-1
FTCU,Nicki Minaj,unknown,2023,-1,-1,-1,-1,-1,-1,-1,-1,-1,-1
Fukumean,Gunna,unknown,2023,-1,-1,-1,-1,-1,-1,-1,-1,-1,-1
Gently,Drake Featuring Bad Bunny,unknown,2023,-1,-1,-1,-1,-1,-1,-1,-1,-1,-1
Get Him Back!,Olivia Rodrigo,unknown,2023,-1,-1,-1,-1,-1,-1,-1,-1,-1,-1
Greedy,Tate McRae,unknown,2023,-1,-1,-1,-1,-1,-1,-1,-1,-1,-1
Hey Driver,Zach Bryan Featuring The War And Treaty,unknown,2023,-1,-1,-1,-1,-1,-1,-1,-1,-1,-1
Houdini,Dua Lipa,unknown,2023,-1,-1,-1,-1,-1,-1,-1,-1,-1,-1
Hyaena,Travis Scott,unknown,2023,-1,-1,-1,-1,-1,-1,-1,-1,-1,-1
I Can See You (Taylor's Version) (From The Vault),Taylor Swift,unknown,2023,-1,-1,-1,-1,-1,-1,-1,-1,-1,-1
I Know ?,Travis Scott,unknown,2023,-1,-1,-1,-1,-1,-1,-1,-1,-1,-1
I Remember Everything,Zach Bryan Featuring Kacey Musgraves,unknown,2023,-1,-1,-1,-1,-1,-1,-1,-1,-1,-1
I Wrote The Book,Morgan Wallen,unknown,2023,-1,-1,-1,-1,-1,-1,-1,-1,-1,-1
IDGAF,Drake Featuring Yeat,unknown,2023,-1,-1,-1,-1,-1,-1,-1,-1,-1,-1
Is It Over Now? (Taylor's Version) [From The Vault],Taylor Swift,unknown,2023,-1,-1,-1,-1,-1,-1,-1,-1,-1,-1
Jingle Bells,Frank Sinatra With Orchestra Conducted By Gordon Jenkins,unknown,2023,-1,-1,-1,-1,-1,-1,-1,-1,-1,-1
Jingle Bells,Frank Sinatra With The Orchestra & Chorus Of Gordon Jenkins,unknown,2023,-1,-1,-1,-1,-1,-1,-1,-1,-1,-1
K-POP,"Travis Scott, Bad Bunny & The Weeknd",unknown,2023,-1,-1,-1,-1,-1,-1,-1,-1,-1,-1
Karma,Taylor Swift Featuring Ice Spice,unknown,2023,-1,-1,-1,-1,-1,-1,-1,-1,-1,-1
La Bebe,Yng Lvcas x Peso Pluma,unknown,2023,-1,-1,-1,-1,-1,-1,-1,-1,-1,-1
La Diabla,Xavi,unknown,2023,-1,-1,-1,-1,-1,-1,-1,-1,-1,-1
Last Night,Morgan Wallen,unknown,2023,-1,-1,-1,-1,-1,-1,-1,-1,-1,-1
"Let It Snow, Let It Snow, Let It Snow!",Dean Martin,unknown,2023,-1,-1,-1,-1,-1,-1,-1,-1,-1,-1
Like Crazy,Jimin,unknown,2023,-1,-1,-1,-1,-1,-1,-1,-1,-1,-1
Lil Boo Thang,Paul Russell,unknown,2023,-1,-1,-1,-1,-1,-1,-1,-1,-1,-1
Logical,Olivia Rodrigo,unknown,2023,-1,-1,-1,-1,-1,-1,-1,-1,-1,-1
Lose Control,Teddy Swims,unknown,2023,-1,-1,-1,-1,-1,-1,-1,-1,-1,-1
Love You Anyway,Luke Combs,unknown,2023,-1,-1,-1,-1,-1,-1,-1,-1,-1,-1
Lovin On Me,Jack Harlow,unknown,2023,-1,-1,-1,-1,-1,-1,-1,-1,-1,-1
Making The Bed,Olivia Rodrigo,unknown,2023,-1,-1,-1,-1,-1,-1,-1,-1,-1,-1
Man Made A Bar,Morgan Wallen Featuring Eric Church,unknown,2023,-1,-1,-1,-1,-1,-1,-1,-1,-1,-1
Meltdown,Travis Scott Featuring Drake,unknown,2023,-1,-1,-1,-1,-1,-1,-1,-1,-1,-1
Mine (Taylor's Version),Taylor Swift,unknown,2023,-1,-1,-1,-1,-1,-1,-1,-1,-1,-1
Monaco,Bad Bunny,unknown,2023,-1,-1,-1,-1,-1,-1,-1,-1,-1,-1
My Eyes,Travis Scott,unknown,2023,-1,-1,-1,-1,-1,-1,-1,-1,-1,-1
Need A Favor,Jelly Roll,unknown,2023,-1,-1,-1,-1,-1,-1,-1,-1,-1,-1
Never Lose Me,Flo Milli,unknown,2023,-1,-1,-1,-1,-1,-1,-1,-1,-1,-1
Now And Then,The Beatles,unknown,2023,-1,-1,-1,-1,-1,-1,-1,-1,-1,-1
Now That We Don't Talk (Taylor's Version) [From The Vault],Taylor Swift,unknown,2023,-1,-1,-1,-1,-1,-1,-1,-1,-1,-1
Oh U Went,Young Thug Featuring Drake,unknown,2023,-1,-1,-1,-1,-1,-1,-1,-1,-1,-1
Out Of The Woods (Taylor's Version),Taylor Swift,unknown,2023,-1,-1,-1,-1,-1,-1,-1,-1,-1,-1
Paint The Town Red,Doja Cat,unknown,2023,-1,-1,-1,-1,-1,-1,-1,-1,-1,-1
Perro Negro,Bad Bunny & Feid,unknown,2023,-1,-1,-1,-1,-1,-1,-1,-1,-1,-1
Players,Coi Leray,unknown,2023,-1,-1,-1,-1,-1,-1,-1,-1,-1,-1
Pretty Little Poison,Warren Zeiders,unknown,2023,-1,-1,-1,-1,-1,-1,-1,-1,-1,-1
Princess Diana,Ice Spice & Nicki Minaj,unknown,2023,-1,-1,-1,-1,-1,-1,-1,-1,-1,-1
Put It On Da Floor Again,Latto Featuring Cardi B,unknown,2023,-1,-1,-1,-1,-1,-1,-1,-1,-1,-1
Red Ruby Da Sleeze,Nicki Minaj,unknown,2023,-1,-1,-1,-1,-1,-1,-1,-1,-1,-1
Religiously,Bailey Zimmerman,unknown,2023,-1,-1,-1,-1,-1,-1,-1,-1,-1,-1
Rich Baby Daddy,Drake Featuring Sexyy Red & SZA,unknown,2023,-1,-1,-1,-1,-1,-1,-1,-1,-1,-1
Rich Men North Of Richmond,Oliver Anthony Music,unknown,2023,-1,-1,-1,-1,-1,-1,-1,-1,-1,-1
Rudolph The Red-Nosed Reindeer,Gene Autry & The Pinafores,unknown,2023,-1,-1,-1,-1,-1,-1,-1,-1,-1,-1
Sarah's Place,Zach Bryan Featuring Noah Kahan,unknown,2023,-1,-1,-1,-1,-1,-1,-1,-1,-1,-1
Save Me,Jelly Roll With Lainey Wilson,unknown,2023,-1,-1,-1,-1,-1,-1,-1,-1,-1,-1
Say Don't Go (Taylor's Version) [From The Vault],Taylor Swift,unknown,2023,-1,-1,-1,-1,-1,-1,-1,-1,-1,-1
Search & Rescue,Drake,unknown,2023,-1,-1,-1,-1,-1,-1,-1,-1,-1,-1
Seven,Jung Kook Featuring Latto,unknown,2023,-1,-1,-1,-1,-1,-1,-1,-1,-1,-1
Single Soon,Selena Gomez,unknown,2023,-1,-1,-1,-1,-1,-1,-1,-1,-1,-1
Slime You Out,Drake Featuring SZA,unknown,2023,-1,-1,-1,-1,-1,-1,-1,-1,-1,-1
Slut! (Taylor's Version) [From The Vault],Taylor Swift,unknown,2023,-1,-1,-1,-1,-1,-1,-1,-1,-1,-1
Spotless,Zach Bryan Featuring The Lumineers,unknown,2023,-1,-1,-1,-1,-1,-1,-1,-1,-1,-1
Standing Next To You,Jung Kook,unknown,2023,-1,-1,-1,-1,-1,-1,-1,-1,-1,-1
Stick Season,Noah Kahan,unknown,2023,-1,-1,-1,-1,-1,-1,-1,-1,-1,-1
Style (Taylor's Version),Taylor Swift,unknown,2023,-1,-1,-1,-1,-1,-1,-1,-1,-1,-1
Suburban Legends (Taylor's Version) [From The Vault],Taylor Swift,unknown,2023,-1,-1,-1,-1,-1,-1,-1,-1,-1,-1
Thank God,Travis Scott,unknown,2023,-1,-1,-1,-1,-1,-1,-1,-1,-1,-1
The Christmas Song (Merry Christmas To You),"Nat ""King"" Cole",unknown,2023,-1,-1,-1,-1,-1,-1,-1,-1,-1,-1
The Grudge,Olivia Rodrigo,unknown,2023,-1,-1,-1,-1,-1,-1,-1,-1,-1,-1
Thinkin' Bout Me,Morgan Wallen,unknown,2023,-1,-1,-1,-1,-1,-1,-1,-1,-1,-1
Topia Twins,Travis Scott Featuring Rob49 & 21 Savage,unknown,2023,-1,-1,-1,-1,-1,-1,-1,-1,-1,-1
Tourniquet,Zach Bryan,unknown,2023,-1,-1,-1,-1,-1,-1,-1,-1,-1,-1
TQG,Karol G x Shakira,unknown,2023,-1,-1,-1,-1,-1,-1,-1,-1,-1,-1
Try That In A Small Town,Jason Aldean,unknown,2023,-1,-1,-1,-1,-1,-1,-1,-1,-1,-1
Un x100to,Grupo Frontera X Bad Bunny,unknown,2023,-1,-1,-1,-1,-1,-1,-1,-1,-1,-1
Used To Be Young,Miley Cyrus,unknown,2023,-1,-1,-1,-1,-1,-1,-1,-1,-1,-1
Vampire,Olivia Rodrigo,unknown,2023,-1,-1,-1,-1,-1,-1,-1,-1,-1,-1
Virginia Beach,Drake,unknown,2023,-1,-1,-1,-1,-1,-1,-1,-1,-1,-1
Water,Tyla,unknown,2023,-1,-1,-1,-1,-1,-1,-1,-1,-1,-1
Welcome To New York (Taylor's Version),Taylor Swift,unknown,2023,-1,-1,-1,-1,-1,-1,-1,-1,-1,-1
What Was I Made For?,Billie Eilish,unknown,2023,-1,-1,-1,-1,-1,-1,-1,-1,-1,-1
What Would Pluto Do,Drake,unknown,2023,-1,-1,-1,-1,-1,-1,-1,-1,-1,-1
Where She Goes,Bad Bunny,unknown,2023,-1,-1,-1,-1,-1,-1,-1,-1,-1,-1
White Christmas,Bing Crosby With Ken Darby Singers & John Scott Trotter & His Orchestra,unknown,2023,-1,-1,-1,-1,-1,-1,-1,-1,-1,-1
White Horse,Chris Stapleton,unknown,2023,-1,-1,-1,-1,-1,-1,-1,-1,-1,-1
You Broke My Heart,Drake,unknown,2023,-1,-1,-1,-1,-1,-1,-1,-1,-1,-1
712PM,Future,unknown,2022,-1,-1,-1,-1,-1,-1,-1,-1,-1,-1
About Damn Time,Lizzo,unknown,2022,-1,-1,-1,-1,-1,-1,-1,-1,-1,-1
Ahhh Ha,Lil Durk,unknown,2022,-1,-1,-1,-1,-1,-1,-1,-1,-1,-1
Alien Superstar,Beyonce,unknown,2022,-1,-1,-1,-1,-1,-1,-1,-1,-1,-1
Anti-Hero,Taylor Swift,unknown,2022,-1,-1,-1,-1,-1,-1,-1,-1,-1,-1
As It Was,Harry Styles,unknown,2022,-1,-1,-1,-1,-1,-1,-1,-1,-1,-1
BackOutsideBoyz,Drake,unknown,2022,-1,-1,-1,-1,-1,-1,-1,-1,-1,-1
Bad Decisions,"benny blanco, BTS & Snoop Dogg",unknown,2022,-1,-1,-1,-1,-1,-1,-1,-1,-1,-1
Bad Habit,Steve Lacy,unknown,2022,-1,-1,-1,-1,-1,-1,-1,-1,-1,-1
Bejeweled,Taylor Swift,unknown,2022,-1,-1,-1,-1,-1,-1,-1,-1,-1,-1
Blind,SZA,unknown,2022,-1,-1,-1,-1,-1,-1,-1,-1,-1,-1
Boyfriend,Dove Cameron,unknown,2022,-1,-1,-1,-1,-1,-1,-1,-1,-1,-1
Break My Soul,Beyonce,unknown,2022,-1,-1,-1,-1,-1,-1,-1,-1,-1,-1
Broadway Girls,Lil Durk Featuring Morgan Wallen,unknown,2022,-1,-1,-1,-1,-1,-1,-1,-1,-1,-1
Broke Boys,Drake & 21 Savage,unknown,2022,-1,-1,-1,-1,-1,-1,-1,-1,-1,-1
Bussin,Nicki Minaj X Lil Baby,unknown,2022,-1,-1,-1,-1,-1,-1,-1,-1,-1,-1
California Breeze,Lil Baby,unknown,2022,-1,-1,-1,-1,-1,-1,-1,-1,-1,-1
Calling My Name,Drake,unknown,2022,-1,-1,-1,-1,-1,-1,-1,-1,-1,-1
Calm Down,Rema & Selena Gomez,unknown,2022,-1,-1,-1,-1,-1,-1,-1,-1,-1,-1
Circo Loco,Drake & 21 Savage,unknown,2022,-1,-1,-1,-1,-1,-1,-1,-1,-1,-1
Cooped Up,Post Malone Featuring Roddy Ricch,unknown,2022,-1,-1,-1,-1,-1,-1,-1,-1,-1,-1
Count Me Out,Kendrick Lamar,unknown,2022,-1,-1,-1,-1,-1,-1,-1,-1,-1,-1
Creepin',"Metro Boomin, The Weeknd & 21 Savage",unknown,2022,-1,-1,-1,-1,-1,-1,-1,-1,-1,-1
Cuff It,Beyonce,unknown,2022,-1,-1,-1,-1,-1,-1,-1,-1,-1,-1
Daylight,Harry Styles,unknown,2022,-1,-1,-1,-1,-1,-1,-1,-1,-1,-1
Despues de La Playa,Bad Bunny,unknown,2022,-1,-1,-1,-1,-1,-1,-1,-1,-1,-1
Die Hard,"Kendrick Lamar, Blxst & Amanda Reifer",unknown,2022,-1,-1,-1,-1,-1,-1,-1,-1,-1,-1
Do We Have A Problem?,Nicki Minaj X Lil Baby,unknown,2022,-1,-1,-1,-1,-1,-1,-1,-1,-1,-1
Don't Think Jesus,Morgan Wallen,unknown,2022,-1,-1,-1,-1,-1,-1,-1,-1,-1,-1
Falling Back,Drake,unknown,2022,-1,-1,-1,-1,-1,-1,-1,-1,-1,-1
Father Time,Kendrick Lamar Featuring Sampha,unknown,2022,-1,-1,-1,-1,-1,-1,-1,-1,-1,-1
Fingers Crossed,Lauren Spencer-Smith,unknown,2022,-1,-1,-1,-1,-1,-1,-1,-1,-1,-1
First Class,Jack Harlow,unknown,2022,-1,-1,-1,-1,-1,-1,-1,-1,-1,-1
Forever,Lil Baby Featuring Fridayy,unknown,2022,-1,-1,-1,-1,-1,-1,-1,-1,-1,-1
Glimpse Of Us,Joji,unknown,2022,-1,-1,-1,-1,-1,-1,-1,-1,-1,-1
God Did,"DJ Khaled Featuring Rick Ross, Lil Wayne, JAY-Z, John Legend & Fridayy",unknown,2022,-1,-1,-1,-1,-1,-1,-1,-1,-1,-1
Golden Hour,JVKE,unknown,2022,-1,-1,-1,-1,-1,-1,-1,-1,-1,-1
Grapejuice,Harry Styles,unknown,2022,-1,-1,-1,-1,-1,-1,-1,-1,-1,-1
Hold Me Closer,Elton John & Britney Spears,unknown,2022,-1,-1,-1,-1,-1,-1,-1,-1,-1,-1
Hot Shit,"Cardi B, Ye & Lil Durk",unknown,2022,-1,-1,-1,-1,-1,-1,-1,-1,-1,-1
Hours In Silence,Drake & 21 Savage,unknown,2022,-1,-1,-1,-1,-1,-1,-1,-1,-1,-1
Hrs And Hrs,Muni Long,unknown,2022,-1,-1,-1,-1,-1,-1,-1,-1,-1,-1
I Ain't Worried,OneRepublic,unknown,2022,-1,-1,-1,-1,-1,-1,-1,-1,-1,-1
I Guess It's Fuck Me,Drake,unknown,2022,-1,-1,-1,-1,-1,-1,-1,-1,-1,-1
I Like You (A Happier Song),Post Malone Featuring Doja Cat,unknown,2022,-1,-1,-1,-1,-1,-1,-1,-1,-1,-1
I'm Dat N***a,Future,unknown,2022,-1,-1,-1,-1,-1,-1,-1,-1,-1,-1
I'm Good (Blue),David Guetta & Bebe Rexha,unknown,2022,-1,-1,-1,-1,-1,-1,-1,-1,-1,-1
I'm On One,Future Featuring Drake,unknown,2022,-1,-1,-1,-1,-1,-1,-1,-1,-1,-1
In A Minute,Lil Baby,unknown,2022,-1,-1,-1,-1,-1,-1,-1,-1,-1,-1
Jimmy Cooks,Drake Featuring 21 Savage,unknown,2022,-1,-1,-1,-1,-1,-1,-1,-1,-1,-1
Jumbotron Shit Poppin,Drake,unknown,2022,-1,-1,-1,-1,-1,-1,-1,-1,-1,-1
Just Wanna Rock,Lil Uzi Vert,unknown,2022,-1,-1,-1,-1,-1,-1,-1,-1,-1,-1
Karma,Taylor Swift,unknown,2022,-1,-1,-1,-1,-1,-1,-1,-1,-1,-1
Keep It Burnin,Future Featuring Kanye West,unknown,2022,-1,-1,-1,-1,-1,-1,-1,-1,-1,-1
Kill Bill,SZA,unknown,2022,-1,-1,-1,-1,-1,-1,-1,-1,-1,-1
Labyrinth,Taylor Swift,unknown,2022,-1,-1,-1,-1,-1,-1,-1,-1,-1,-1
Late Night Talking,Harry Styles,unknown,2022,-1,-1,-1,-1,-1,-1,-1,-1,-1,-1
Lavender Haze,Taylor Swift,unknown,2022,-1,-1,-1,-1,-1,-1,-1,-1,-1,-1
Lift Me Up,Rihanna,unknown,2022,-1,-1,-1,-1,-1,-1,-1,-1,-1,-1
Little Freak,Harry Styles,unknown,2022,-1,-1,-1,-1,-1,-1,-1,-1,-1,-1
Love You Better,Future,unknown,2022,-1,-1,-1,-1,-1,-1,-1,-1,-1,-1
Low,SZA,unknown,2022,-1,-1,-1,-1,-1,-1,-1,-1,-1,-1
Made You Look,Meghan Trainor,unknown,2022,-1,-1,-1,-1,-1,-1,-1,-1,-1,-1
Major Distribution,Drake & 21 Savage,unknown,2022,-1,-1,-1,-1,-1,-1,-1,-1,-1,-1
MAMIII,Becky G X Karol G,unknown,2022,-1,-1,-1,-1,-1,-1,-1,-1,-1,-1
Maroon,Taylor Swift,unknown,2022,-1,-1,-1,-1,-1,-1,-1,-1,-1,-1
Massaging Me,Future,unknown,2022,-1,-1,-1,-1,-1,-1,-1,-1,-1,-1
Massive,Drake,unknown,2022,-1,-1,-1,-1,-1,-1,-1,-1,-1,-1
Mastermind,Taylor Swift,unknown,2022,-1,-1,-1,-1,-1,-1,-1,-1,-1,-1
Matilda,Harry Styles,unknown,2022,-1,-1,-1,-1,-1,-1,-1,-1,-1,-1
Me Porto Bonito,Bad Bunny & Chencho Corleone,unknown,2022,-1,-1,-1,-1,-1,-1,-1,-1,-1,-1
Middle Of The Ocean,Drake,unknown,2022,-1,-1,-1,-1,-1,-1,-1,-1,-1,-1
Midnight Rain,Taylor Swift,unknown,2022,-1,-1,-1,-1,-1,-1,-1,-1,-1,-1
More M’s,Drake & 21 Savage,unknown,2022,-1,-1,-1,-1,-1,-1,-1,-1,-1,-1
Moscow Mule,Bad Bunny,unknown,2022,-1,-1,-1,-1,-1,-1,-1,-1,-1,-1
Music For A Sushi Restaurant,Harry Styles,unknown,2022,-1,-1,-1,-1,-1,-1,-1,-1,-1,-1
N95,Kendrick Lamar,unknown,2022,-1,-1,-1,-1,-1,-1,-1,-1,-1,-1
Nail Tech,Jack Harlow,unknown,2022,-1,-1,-1,-1,-1,-1,-1,-1,-1,-1
Never Hating,Lil Baby & Young Thug,unknown,2022,-1,-1,-1,-1,-1,-1,-1,-1,-1,-1
Nobody Gets Me,SZA,unknown,2022,-1,-1,-1,-1,-1,-1,-1,-1,-1,-1
Numb Little Bug,Em Beihold,unknown,2022,-1,-1,-1,-1,-1,-1,-1,-1,-1,-1
On BS,Drake & 21 Savage,unknown,2022,-1,-1,-1,-1,-1,-1,-1,-1,-1,-1
One Thing At A Time,Morgan Wallen,unknown,2022,-1,-1,-1,-1,-1,-1,-1,-1,-1,-1
Party,Bad Bunny & Rauw Alejandro,unknown,2022,-1,-1,-1,-1,-1,-1,-1,-1,-1,-1
Pop Out,Lil Baby & Nardo Wick,unknown,2022,-1,-1,-1,-1,-1,-1,-1,-1,-1,-1
Privileged Rappers,Drake & 21 Savage,unknown,2022,-1,-1,-1,-1,-1,-1,-1,-1,-1,-1
Puffin On Zootiez,Future,unknown,2022,-1,-1,-1,-1,-1,-1,-1,-1,-1,-1
Pushin P,Gunna & Future Featuring Young Thug,unknown,2022,-1,-1,-1,-1,-1,-1,-1,-1,-1,-1
Pussy & Millions,Drake & 21 Savage Featuring Travis Scott,unknown,2022,-1,-1,-1,-1,-1,-1,-1,-1,-1,-1
Question...?,Taylor Swift,unknown,2022,-1,-1,-1,-1,-1,-1,-1,-1,-1,-1
Real Spill,Lil Baby,unknown,2022,-1,-1,-1,-1,-1,-1,-1,-1,-1,-1
Rich Flex,Drake & 21 Savage,unknown,2022,-1,-1,-1,-1,-1,-1,-1,-1,-1,-1
Rich Spirit,Kendrick Lamar,unknown,2022,-1,-1,-1,-1,-1,-1,-1,-1,-1,-1
Right On,Lil Baby,unknown,2022,-1,-1,-1,-1,-1,-1,-1,-1,-1,-1
Rock And A Hard Place,Bailey Zimmerman,unknown,2022,-1,-1,-1,-1,-1,-1,-1,-1,-1,-1
Running Up That Hill (A Deal With God),Kate Bush,unknown,2022,-1,-1,-1,-1,-1,-1,-1,-1,-1,-1
Sacrifice,The Weeknd,unknown,2022,-1,-1,-1,-1,-1,-1,-1,-1,-1,-1
She Had Me At Heads Carolina,Cole Swindell,unknown,2022,-1,-1,-1,-1,-1,-1,-1,-1,-1,-1
Shirt,SZA,unknown,2022,-1,-1,-1,-1,-1,-1,-1,-1,-1,-1
Silent Hill,Kendrick Lamar & Kodak Black,unknown,2022,-1,-1,-1,-1,-1,-1,-1,-1,-1,-1
Snooze,SZA,unknown,2022,-1,-1,-1,-1,-1,-1,-1,-1,-1,-1
Snow On The Beach,Taylor Swift Featuring Lana Del Rey,unknown,2022,-1,-1,-1,-1,-1,-1,-1,-1,-1,-1
Something In The Orange,Zach Bryan,unknown,2022,-1,-1,-1,-1,-1,-1,-1,-1,-1,-1
Soy El Unico,Yahritza y Su Esencia,unknown,2022,-1,-1,-1,-1,-1,-1,-1,-1,-1,-1
Spin Bout U,Drake & 21 Savage,unknown,2022,-1,-1,-1,-1,-1,-1,-1,-1,-1,-1
Staying Alive,DJ Khaled Featuring Drake & Lil Baby,unknown,2022,-1,-1,-1,-1,-1,-1,-1,-1,-1,-1
Sticky,Drake,unknown,2022,-1,-1,-1,-1,-1,-1,-1,-1,-1,-1
Sunroof,Nicky Youre & dazy,unknown,2022,-1,-1,-1,-1,-1,-1,-1,-1,-1,-1
Super Freaky Girl,Nicki Minaj,unknown,2022,-1,-1,-1,-1,-1,-1,-1,-1,-1,-1
Superhero (Heroes & Villains),"Metro Boomin, Future & Chris Brown",unknown,2022,-1,-1,-1,-1,-1,-1,-1,-1,-1,-1
Surface Pressure,Jessica Darrow,unknown,2022,-1,-1,-1,-1,-1,-1,-1,-1,-1,-1
Sweet Nothing,Taylor Swift,unknown,2022,-1,-1,-1,-1,-1,-1,-1,-1,-1,-1
Sweetest Pie,Megan Thee Stallion & Dua Lipa,unknown,2022,-1,-1,-1,-1,-1,-1,-1,-1,-1,-1
Tarot,Bad Bunny & Jhay Cortez,unknown,2022,-1,-1,-1,-1,-1,-1,-1,-1,-1,-1
Texts Go Green,Drake,unknown,2022,-1,-1,-1,-1,-1,-1,-1,-1,-1,-1
Thank God,Kane Brown With Katelyn Brown,unknown,2022,-1,-1,-1,-1,-1,-1,-1,-1,-1,-1
The Family Madrigal,"Stephanie Beatriz, Olga Merediz & Encanto Cast",unknown,2022,-1,-1,-1,-1,-1,-1,-1,-1,-1,-1
The Heart Part 5,Kendrick Lamar,unknown,2022,-1,-1,-1,-1,-1,-1,-1,-1,-1,-1
The Kind Of Love We Make,Luke Combs,unknown,2022,-1,-1,-1,-1,-1,-1,-1,-1,-1,-1
Thought You Should Know,Morgan Wallen,unknown,2022,-1,-1,-1,-1,-1,-1,-1,-1,-1,-1
Thousand Miles,The Kid LAROI,unknown,2022,-1,-1,-1,-1,-1,-1,-1,-1,-1,-1
Titi Me Pregunto,Bad Bunny,unknown,2022,-1,-1,-1,-1,-1,-1,-1,-1,-1,-1
Tomorrow 2,GloRilla & Cardi B,unknown,2022,-1,-1,-1,-1,-1,-1,-1,-1,-1,-1
Treacherous Twins,Drake & 21 Savage,unknown,2022,-1,-1,-1,-1,-1,-1,-1,-1,-1,-1
Un Ratito,Bad Bunny,unknown,2022,-1,-1,-1,-1,-1,-1,-1,-1,-1,-1
Under The Influence,Chris Brown,unknown,2022,-1,-1,-1,-1,-1,-1,-1,-1,-1,-1
Unholy,Sam Smith & Kim Petras,unknown,2022,-1,-1,-1,-1,-1,-1,-1,-1,-1,-1
United In Grief,Kendrick Lamar,unknown,2022,-1,-1,-1,-1,-1,-1,-1,-1,-1,-1
Vegas,Doja Cat,unknown,2022,-1,-1,-1,-1,-1,-1,-1,-1,-1,-1
Vigilante Shit,Taylor Swift,unknown,2022,-1,-1,-1,-1,-1,-1,-1,-1,-1,-1
Wait For U,Future Featuring Drake & Tems,unknown,2022,-1,-1,-1,-1,-1,-1,-1,-1,-1,-1
We Cry Together,Kendrick Lamar & Taylour Paige,unknown,2022,-1,-1,-1,-1,-1,-1,-1,-1,-1,-1
We Don't Talk About Bruno,"Carolina Gaitan, Mauro Castillo, Adassa, Rhenzy Feliz, Diane Guerrero, Stephanie Beatriz & Encanto Cast",unknown,2022,-1,-1,-1,-1,-1,-1,-1,-1,-1,-1
Worldwide Steppers,Kendrick Lamar,unknown,2022,-1,-1,-1,-1,-1,-1,-1,-1,-1,-1
"Would've, Could've, Should've",Taylor Swift,unknown,2022,-1,-1,-1,-1,-1,-1,-1,-1,-1,-1
Yet To Come,BTS,unknown,2022,-1,-1,-1,-1,-1,-1,-1,-1,-1,-1
You Proof,Morgan Wallen,unknown,2022,-1,-1,-1,-1,-1,-1,-1,-1,-1,-1
"You're On Your Own, Kid",Taylor Swift,unknown,2022,-1,-1,-1,-1,-1,-1,-1,-1,-1,-1
'Til You Can't,Cody Johnson,unknown,2021,-1,-1,-1,-1,-1,-1,-1,-1,-1,-1
"1 Step Forward, 3 Steps Back",Olivia Rodrigo,unknown,2021,-1,-1,-1,-1,-1,-1,-1,-1,-1,-1
100.mil',J. Cole & Bas,unknown,2021,-1,-1,-1,-1,-1,-1,-1,-1,-1,-1
34+35,Ariana Grande Feat. Doja Cat & Megan Thee Stallion,unknown,2021,-1,-1,-1,-1,-1,-1,-1,-1,-1,-1
7am On Bridle Path,Drake,unknown,2021,-1,-1,-1,-1,-1,-1,-1,-1,-1,-1
95.south,J. Cole,unknown,2021,-1,-1,-1,-1,-1,-1,-1,-1,-1,-1
abcdefu,GAYLE,unknown,2021,-1,-1,-1,-1,-1,-1,-1,-1,-1,-1
All Too Well (Taylor's Version),Taylor Swift,unknown,2021,-1,-1,-1,-1,-1,-1,-1,-1,-1,-1
Already Dead,Juice WRLD,unknown,2021,-1,-1,-1,-1,-1,-1,-1,-1,-1,-1
Am I The Only One,Aaron Lewis,unknown,2021,-1,-1,-1,-1,-1,-1,-1,-1,-1,-1
amari,J. Cole,unknown,2021,-1,-1,-1,-1,-1,-1,-1,-1,-1,-1
Anyone,Justin Bieber,unknown,2021,-1,-1,-1,-1,-1,-1,-1,-1,-1,-1
applying.pressure,J. Cole,unknown,2021,-1,-1,-1,-1,-1,-1,-1,-1,-1,-1
Astronaut In The Ocean,Masked Wolf,unknown,2021,-1,-1,-1,-1,-1,-1,-1,-1,-1,-1
Back In Blood,Pooh Shiesty Featuring Lil Durk,unknown,2021,-1,-1,-1,-1,-1,-1,-1,-1,-1,-1
Bad Habits,Ed Sheeran,unknown,2021,-1,-1,-1,-1,-1,-1,-1,-1,-1,-1
Beat Box,SpotemGottem Featuring Pooh Shiesty Or DaBaby,unknown,2021,-1,-1,-1,-1,-1,-1,-1,-1,-1,-1
Beautiful Mistakes,Maroon 5 Featuring Megan Thee Stallion,unknown,2021,-1,-1,-1,-1,-1,-1,-1,-1,-1,-1
Beggin',Maneskin,unknown,2021,-1,-1,-1,-1,-1,-1,-1,-1,-1,-1
Best Friend,Saweetie Featuring Doja Cat,unknown,2021,-1,-1,-1,-1,-1,-1,-1,-1,-1,-1
Big Energy,Latto,unknown,2021,-1,-1,-1,-1,-1,-1,-1,-1,-1,-1
Brutal,Olivia Rodrigo,unknown,2021,-1,-1,-1,-1,-1,-1,-1,-1,-1,-1
Bubbly,Young Thug With Drake & Travis Scott,unknown,2021,-1,-1,-1,-1,-1,-1,-1,-1,-1,-1
Butter,BTS,unknown,2021,-1,-1,-1,-1,-1,-1,-1,-1,-1,-1
Calling My Phone,Lil Tjay Featuring 6LACK,unknown,2021,-1,-1,-1,-1,-1,-1,-1,-1,-1,-1
Champagne Poetry,Drake,unknown,2021,-1,-1,-1,-1,-1,-1,-1,-1,-1,-1
Cold Heart (PNAU Remix),Elton John & Dua Lipa,unknown,2021,-1,-1,-1,-1,-1,-1,-1,-1,-1,-1
Deja Vu,Olivia Rodrigo,unknown,2021,-1,-1,-1,-1,-1,-1,-1,-1,-1,-1
Drivers License,Olivia Rodrigo,unknown,2021,-1,-1,-1,-1,-1,-1,-1,-1,-1,-1
Easy On Me,Adele,unknown,2021,-1,-1,-1,-1,-1,-1,-1,-1,-1,-1
Enemy,Imagine Dragons X JID,unknown,2021,-1,-1,-1,-1,-1,-1,-1,-1,-1,-1
Enough For You,Olivia Rodrigo,unknown,2021,-1,-1,-1,-1,-1,-1,-1,-1,-1,-1
Escape Plan,Travis Scott,unknown,2021,-1,-1,-1,-1,-1,-1,-1,-1,-1,-1
Essence,Wizkid Featuring Justin Bieber & Tems,unknown,2021,-1,-1,-1,-1,-1,-1,-1,-1,-1,-1
Every Chance I Get,DJ Khaled Featuring Lil Baby & Lil Durk,unknown,2021,-1,-1,-1,-1,-1,-1,-1,-1,-1,-1
Fair Trade,Drake Featuring Travis Scott,unknown,2021,-1,-1,-1,-1,-1,-1,-1,-1,-1,-1
Family Ties,Baby Keem & Kendrick Lamar,unknown,2021,-1,-1,-1,-1,-1,-1,-1,-1,-1,-1
Fancy Like,Walker Hayes,unknown,2021,-1,-1,-1,-1,-1,-1,-1,-1,-1,-1
Favorite Crime,Olivia Rodrigo,unknown,2021,-1,-1,-1,-1,-1,-1,-1,-1,-1,-1
Get Into It (Yuh),Doja Cat,unknown,2021,-1,-1,-1,-1,-1,-1,-1,-1,-1,-1
Ghost,Justin Bieber,unknown,2021,-1,-1,-1,-1,-1,-1,-1,-1,-1,-1
Girls Want Girls,Drake Featuring Lil Baby,unknown,2021,-1,-1,-1,-1,-1,-1,-1,-1,-1,-1
Good 4 U,Olivia Rodrigo,unknown,2021,-1,-1,-1,-1,-1,-1,-1,-1,-1,-1
Good Days,SZA,unknown,2021,-1,-1,-1,-1,-1,-1,-1,-1,-1,-1
Happier,Olivia Rodrigo,unknown,2021,-1,-1,-1,-1,-1,-1,-1,-1,-1,-1
Happier Than Ever,Billie Eilish,unknown,2021,-1,-1,-1,-1,-1,-1,-1,-1,-1,-1
Hats Off,"Lil Baby, Lil Durk & Travis Scott",unknown,2021,-1,-1,-1,-1,-1,-1,-1,-1,-1,-1
Having Our Way,Migos Featuring Drake,unknown,2021,-1,-1,-1,-1,-1,-1,-1,-1,-1,-1
Heartbreak Anniversary,Giveon,unknown,2021,-1,-1,-1,-1,-1,-1,-1,-1,-1,-1
Heat Waves,Glass Animals,unknown,2021,-1,-1,-1,-1,-1,-1,-1,-1,-1,-1
Hold On,Justin Bieber,unknown,2021,-1,-1,-1,-1,-1,-1,-1,-1,-1,-1
Hurricane,Kanye West,unknown,2021,-1,-1,-1,-1,-1,-1,-1,-1,-1,-1
I Drink Wine,Adele,unknown,2021,-1,-1,-1,-1,-1,-1,-1,-1,-1,-1
I Hate U,SZA,unknown,2021,-1,-1,-1,-1,-1,-1,-1,-1,-1,-1
If I Didn't Love You,Jason Aldean & Carrie Underwood,unknown,2021,-1,-1,-1,-1,-1,-1,-1,-1,-1,-1
In The Bible,Drake Featuring Lil Durk & Giveon,unknown,2021,-1,-1,-1,-1,-1,-1,-1,-1,-1,-1
Industry Baby,Lil Nas X & Jack Harlow,unknown,2021,-1,-1,-1,-1,-1,-1,-1,-1,-1,-1
interlude,J. Cole,unknown,2021,-1,-1,-1,-1,-1,-1,-1,-1,-1,-1
Jail,Kanye West,unknown,2021,-1,-1,-1,-1,-1,-1,-1,-1,-1,-1
Junya,Kanye West,unknown,2021,-1,-1,-1,-1,-1,-1,-1,-1,-1,-1
Kiss Me More,Doja Cat Featuring SZA,unknown,2021,-1,-1,-1,-1,-1,-1,-1,-1,-1,-1
Knife Talk,Drake Featuring 21 Savage & Project Pat,unknown,2021,-1,-1,-1,-1,-1,-1,-1,-1,-1,-1
Late At Night,Roddy Ricch,unknown,2021,-1,-1,-1,-1,-1,-1,-1,-1,-1,-1
Leave Before You Love Me,Marshmello X Jonas Brothers,unknown,2021,-1,-1,-1,-1,-1,-1,-1,-1,-1,-1
Leave The Door Open,Silk Sonic (Bruno Mars & Anderson .Paak),unknown,2021,-1,-1,-1,-1,-1,-1,-1,-1,-1,-1
Lemon Pepper Freestyle,Drake Featuring Rick Ross,unknown,2021,-1,-1,-1,-1,-1,-1,-1,-1,-1,-1
let.go.my.hand,"J. Cole, Bas & 6LACK",unknown,2021,-1,-1,-1,-1,-1,-1,-1,-1,-1,-1
Levitating,Dua Lipa,unknown,2021,-1,-1,-1,-1,-1,-1,-1,-1,-1,-1
Love All,Drake Featuring JAY-Z,unknown,2021,-1,-1,-1,-1,-1,-1,-1,-1,-1,-1
Love Story (Taylor's Version),Taylor Swift,unknown,2021,-1,-1,-1,-1,-1,-1,-1,-1,-1,-1
Miss The Rage,Trippie Redd & Playboi Carti,unknown,2021,-1,-1,-1,-1,-1,-1,-1,-1,-1,-1
Montero (Call Me By Your Name),Lil Nas X,unknown,2021,-1,-1,-1,-1,-1,-1,-1,-1,-1,-1
Moon,Kanye West,unknown,2021,-1,-1,-1,-1,-1,-1,-1,-1,-1,-1
Motley Crew,Post Malone,unknown,2021,-1,-1,-1,-1,-1,-1,-1,-1,-1,-1
My Universe,Coldplay x BTS,unknown,2021,-1,-1,-1,-1,-1,-1,-1,-1,-1,-1
my.life,"J. Cole, 21 Savage & Morray",unknown,2021,-1,-1,-1,-1,-1,-1,-1,-1,-1,-1
N 2 Deep,Drake Featuring Future,unknown,2021,-1,-1,-1,-1,-1,-1,-1,-1,-1,-1
Need To Know,Doja Cat,unknown,2021,-1,-1,-1,-1,-1,-1,-1,-1,-1,-1
No Friends In The Industry,Drake,unknown,2021,-1,-1,-1,-1,-1,-1,-1,-1,-1,-1
No Love,Summer Walker & SZA,unknown,2021,-1,-1,-1,-1,-1,-1,-1,-1,-1,-1
Off The Grid,Kanye West,unknown,2021,-1,-1,-1,-1,-1,-1,-1,-1,-1,-1
Oh My God,Adele,unknown,2021,-1,-1,-1,-1,-1,-1,-1,-1,-1,-1
Ok Ok,Kanye West,unknown,2021,-1,-1,-1,-1,-1,-1,-1,-1,-1,-1
One Right Now,Post Malone & The Weeknd,unknown,2021,-1,-1,-1,-1,-1,-1,-1,-1,-1,-1
Papi's Home,Drake,unknown,2021,-1,-1,-1,-1,-1,-1,-1,-1,-1,-1
Peaches,Justin Bieber Featuring Daniel Caesar & Giveon,unknown,2021,-1,-1,-1,-1,-1,-1,-1,-1,-1,-1
Permission To Dance,BTS,unknown,2021,-1,-1,-1,-1,-1,-1,-1,-1,-1,-1
Pipe Down,Drake,unknown,2021,-1,-1,-1,-1,-1,-1,-1,-1,-1,-1
Praise God,Kanye West,unknown,2021,-1,-1,-1,-1,-1,-1,-1,-1,-1,-1
pride.is.the.devil,J. Cole & Lil Baby,unknown,2021,-1,-1,-1,-1,-1,-1,-1,-1,-1,-1
punchin'.the.clock,J. Cole,unknown,2021,-1,-1,-1,-1,-1,-1,-1,-1,-1,-1
Race My Mind,Drake,unknown,2021,-1,-1,-1,-1,-1,-1,-1,-1,-1,-1
Rapstar,Polo G,unknown,2021,-1,-1,-1,-1,-1,-1,-1,-1,-1,-1
Rumors,Lizzo Featuring Cardi B,unknown,2021,-1,-1,-1,-1,-1,-1,-1,-1,-1,-1
Santa Baby,Eartha Kitt With Henri Rene And His Orchestra,unknown,2021,-1,-1,-1,-1,-1,-1,-1,-1,-1,-1
Save Your Tears,The Weeknd & Ariana Grande,unknown,2021,-1,-1,-1,-1,-1,-1,-1,-1,-1,-1
Seeing Green,"Nicki Minaj, Drake & Lil Wayne",unknown,2021,-1,-1,-1,-1,-1,-1,-1,-1,-1,-1
Shivers,Ed Sheeran,unknown,2021,-1,-1,-1,-1,-1,-1,-1,-1,-1,-1
Skate,Silk Sonic (Bruno Mars & Anderson .Paak),unknown,2021,-1,-1,-1,-1,-1,-1,-1,-1,-1,-1
Ski,Young Thug & Gunna,unknown,2021,-1,-1,-1,-1,-1,-1,-1,-1,-1,-1
Smokin Out The Window,Silk Sonic (Bruno Mars & Anderson .Paak),unknown,2021,-1,-1,-1,-1,-1,-1,-1,-1,-1,-1
Solid,Young Thug & Gunna Featuring Drake,unknown,2021,-1,-1,-1,-1,-1,-1,-1,-1,-1,-1
State Of Grace (Taylor's Version),Taylor Swift,unknown,2021,-1,-1,-1,-1,-1,-1,-1,-1,-1,-1
Stay,The Kid LAROI & Justin Bieber,unknown,2021,-1,-1,-1,-1,-1,-1,-1,-1,-1,-1
Street Runner,Rod Wave,unknown,2021,-1,-1,-1,-1,-1,-1,-1,-1,-1,-1
Streets,Doja Cat,unknown,2021,-1,-1,-1,-1,-1,-1,-1,-1,-1,-1
Super Gremlin,Kodak Black,unknown,2021,-1,-1,-1,-1,-1,-1,-1,-1,-1,-1
Take My Breath,The Weeknd,unknown,2021,-1,-1,-1,-1,-1,-1,-1,-1,-1,-1
Thats What I Want,Lil Nas X,unknown,2021,-1,-1,-1,-1,-1,-1,-1,-1,-1,-1
The Good Ones,Gabby Barrett,unknown,2021,-1,-1,-1,-1,-1,-1,-1,-1,-1,-1
Thot Shit,Megan Thee Stallion,unknown,2021,-1,-1,-1,-1,-1,-1,-1,-1,-1,-1
Tombstone,Rod Wave,unknown,2021,-1,-1,-1,-1,-1,-1,-1,-1,-1,-1
Too Easy,Gunna & Future,unknown,2021,-1,-1,-1,-1,-1,-1,-1,-1,-1,-1
Traitor,Olivia Rodrigo,unknown,2021,-1,-1,-1,-1,-1,-1,-1,-1,-1,-1
TSU,Drake,unknown,2021,-1,-1,-1,-1,-1,-1,-1,-1,-1,-1
Up,Cardi B,unknown,2021,-1,-1,-1,-1,-1,-1,-1,-1,-1,-1
Wants And Needs,Drake Featuring Lil Baby,unknown,2021,-1,-1,-1,-1,-1,-1,-1,-1,-1,-1
Wasted On You,Morgan Wallen,unknown,2021,-1,-1,-1,-1,-1,-1,-1,-1,-1,-1
Way 2 Sexy,Drake Featuring Future & Young Thug,unknown,2021,-1,-1,-1,-1,-1,-1,-1,-1,-1,-1
What's Next,Drake,unknown,2021,-1,-1,-1,-1,-1,-1,-1,-1,-1,-1
Who Want Smoke??,"Nardo Wick Featuring G Herbo, Lil Durk & 21 Savage",unknown,2021,-1,-1,-1,-1,-1,-1,-1,-1,-1,-1
Whole Lotta Money,BIA Featuring Nicki Minaj,unknown,2021,-1,-1,-1,-1,-1,-1,-1,-1,-1,-1
Wild Side,Normani Featuring Cardi B,unknown,2021,-1,-1,-1,-1,-1,-1,-1,-1,-1,-1
Wildest Dreams (Taylor's Version),Taylor Swift,unknown,2021,-1,-1,-1,-1,-1,-1,-1,-1,-1,-1
Without You,The Kid LAROI & Miley Cyrus,unknown,2021,-1,-1,-1,-1,-1,-1,-1,-1,-1,-1
Wockesha,Moneybagg Yo,unknown,2021,-1,-1,-1,-1,-1,-1,-1,-1,-1,-1
Woman,Doja Cat,unknown,2021,-1,-1,-1,-1,-1,-1,-1,-1,-1,-1
WUSYANAME,"Tyler, The Creator Featuring YoungBoy Never Broke Again & Ty Dolla $ign",unknown,2021,-1,-1,-1,-1,-1,-1,-1,-1,-1,-1
Yonaguni,Bad Bunny,unknown,2021,-1,-1,-1,-1,-1,-1,-1,-1,-1,-1
You Right,Doja Cat & The Weeknd,unknown,2021,-1,-1,-1,-1,-1,-1,-1,-1,-1,-1
Your Power,Billie Eilish,unknown,2021,-1,-1,-1,-1,-1,-1,-1,-1,-1,-1
